log_text,failure_type
"[INFO] Building project...
org.springframework.beans.factory.BeanCreationException: Error creating bean with name 'userService'
Executing Gradle task...",test
"SonarQube Security Hotspot: SQL Injection vulnerability in UserDao.java:123
[WARN] Deprecated API usage detected
Executing Gradle task...
[WARN] Deprecated API usage detected",security
"Running CI pipeline step 20...
[INFO] Building project...
FATAL: Connection to database failed: connection refused",infra
"com.zaxxer.hikari.pool.HikariPool: HikariPool-1 - Connection is not available, timeout after 30000ms
Setting up test environment...
[DEBUG] Loading configuration...",infra
"error: cannot find symbol
  class UserRepository
  location: package com.example.repository
[INFO] Starting Spring Boot application...
Uploading artifacts to registry...",build
"[INFO] Starting Spring Boot application...
[DEBUG] Loading configuration...
Error response from daemon: OOM killer killed your process
Connecting to external service...",infra
"Downloading dependencies...
Error: ENOSPC: no space left on device, write
Setting up test environment...
Connecting to external service...
Downloading dependencies...",infra
"Executing Gradle task...
Could not find artifact org.example:lib:jar:2.0.0 in central
[INFO] Building project...
Executing Gradle task...
Executing Gradle task...",build
"Uploading artifacts to registry...
[INFO] Building project...
PMD: Avoid unused private fields such as 'logger'.
[INFO] Starting Spring Boot application...",build
"Setting up test environment...
FAILURE: Build failed with an exception.
* What went wrong:
Execution failed for task ':compileJava'.
[INFO] Building project...",build
"java.lang.NullPointerException
  at com.example.service.UserServiceTest.testGetUser(UserServiceTest.java:42)
[INFO] Starting Spring Boot application...
[INFO] Building project...",test
"[INFO] Starting Spring Boot application...
PMD: Avoid unused private fields such as 'logger'.
Uploading artifacts to registry...
[DEBUG] Loading configuration...",build
"Executing Gradle task...
Setting up test environment...
SpotBugs found 3 bugs in com.example.UserService",build
"[WARN] Deprecated API usage detected
Tests run: 45, Failures: 3, Errors: 0, Skipped: 2
  FAILED com.example.UserServiceTest.testCreateUser
[DEBUG] Loading configuration...
[INFO] Building project...",test
"Executing Gradle task...
[INFO] Building project...
SSL handshake failed: PKIX path building failed: unable to find valid certification path
[INFO] Building project...
Connecting to external service...",infra
"Running CI pipeline step 20...
[DEBUG] Loading configuration...
FAILURE: Build failed with an exception.
* What went wrong:
Execution failed for task ':compileJava'.
Executing Gradle task...",build
"[INFO] Starting Spring Boot application...
[INFO] Starting Spring Boot application...
Connecting to external service...
[ERROR] Tests run: 1, Failures: 1, Errors: 0, Skipped: 0
[INFO] Starting Spring Boot application...",test
"[INFO] Starting Spring Boot application...
FAILURE: Build failed with an exception.
* What went wrong:
Execution failed for task ':compileJava'.
Executing Gradle task...",build
"[DEBUG] Loading configuration...
Trivy scan found 3 CRITICAL and 7 HIGH vulnerabilities in openjdk:17-alpine base image
[INFO] Starting Spring Boot application...",security
"java.lang.OutOfMemoryError: Java heap space
  at java.util.Arrays.copyOf(Arrays.java:3210)
[INFO] Starting Spring Boot application...
[DEBUG] Loading configuration...
Connecting to external service...",infra
"curl: (6) Could not resolve host: maven.example.com
[INFO] Starting Spring Boot application...
Executing Gradle task...",infra
"Uploading artifacts to registry...
java.net.ConnectException: Connection refused (Connection refused)
  at sun.reflect.NativeConstructorAccessorImpl.newInstance0(Native Method)
[WARN] Deprecated API usage detected",infra
"[INFO] Starting Spring Boot application...
Executing Gradle task...
Running CI pipeline step 19...
[ERROR] BUILD FAILURE
[ERROR] Failed to execute goal org.apache.maven.plugins:maven-compiler-plugin:3.11:compile",build
"Snyk test failed: 2 critical severity vulnerabilities found in spring-core:5.3.20
Downloading dependencies...
Running CI pipeline step 18...
Connecting to external service...",security
"Running CI pipeline step 19...
Setting up test environment...
TestTimedOutException: test timed out after 30000 milliseconds
Executing Gradle task...",test
"[DEBUG] Loading configuration...
FAILED: com.example.api.UserControllerTest - 2 tests FAILED
[DEBUG] Loading configuration...",test
"Executing Gradle task...
[INFO] Building project...
[WARN] Deprecated API usage detected
Setting up test environment...
Failed to load ApplicationContext for test class com.example.IntegrationTest",test
"> Task :test FAILED
Could not resolve com.h2database:h2:2.2.224
Uploading artifacts to registry...
[INFO] Building project...",build
"[INFO] Starting Spring Boot application...
Executing Gradle task...
SSL handshake failed: PKIX path building failed: unable to find valid certification path",infra
"Connecting to external service...
Gradle build daemon disappeared unexpectedly
Connecting to external service...
Uploading artifacts to registry...
[WARN] Deprecated API usage detected",build
"Executing Gradle task...
Running CI pipeline step 7...
Setting up test environment...
org.springframework.beans.factory.BeanCreationException: Error creating bean with name 'userService'",test
"org.springframework.beans.factory.BeanCreationException: Error creating bean with name 'userService'
Uploading artifacts to registry...
[INFO] Building project...",test
"Uploading artifacts to registry...
Mockito: Wanted but not invoked: mockUserRepo.save()
Setting up test environment...",test
"PMD: Avoid unused private fields such as 'logger'.
[INFO] Building project...
Executing Gradle task...
Setting up test environment...",build
"Executing Gradle task...
Downloading dependencies...
Executing Gradle task...
[WARN] Deprecated API usage detected
Error: ENOSPC: no space left on device, write",infra
"org.junit.ComparisonFailure: expected:<Hello [World]> but was:<Hello [there]>
Executing Gradle task...
Executing Gradle task...",test
"[INFO] Building project...
[DEBUG] Loading configuration...
Executing Gradle task...
[ERROR] Tests run: 1, Failures: 1, Errors: 0, Skipped: 0
Executing Gradle task...",test
"[ERROR] Tests run: 1, Failures: 1, Errors: 0, Skipped: 0
Running CI pipeline step 2...
Downloading dependencies...
Connecting to external service...",test
"Job exceeded maximum allowed timeout of 3600 seconds
Downloading dependencies...
[INFO] Starting Spring Boot application...",infra
"Running CI pipeline step 2...
error: cannot find symbol
  class UserRepository
  location: package com.example.repository
Connecting to external service...
[WARN] Deprecated API usage detected",build
"[DEBUG] Loading configuration...
[WARN] Deprecated API usage detected
Setting up test environment...
[INFO] Starting Spring Boot application...
[ERROR] Source option 8 is no longer supported. Use 11 or later.",build
"Running CI pipeline step 2...
[INFO] Starting Spring Boot application...
Could not resolve host: registry.example.com: Name or service not known",infra
"[WARN] Deprecated API usage detected
Downloading dependencies...
Executing Gradle task...
[WARN] Deprecated API usage detected
Could not find artifact org.example:lib:jar:2.0.0 in central",build
"Running CI pipeline step 19...
gitleaks: possible secret in commit abc123: password = 'supersecret123'
[INFO] Starting Spring Boot application...",security
"Connecting to external service...
ERROR: No space left on device (errno=28)
failed to write output file
Running CI pipeline step 13...
Running CI pipeline step 6...
[INFO] Building project...",infra
"Running CI pipeline step 1...
java.lang.AssertionError: expected true but was false
  at TestFoo.testBar(TestFoo.java:56)
[INFO] Building project...
Executing Gradle task...",test
"Downloading dependencies...
[INFO] Building project...
Compilation failed; see the compiler error output for details.
javac: error: invalid flag: --enable-preview",build
"FATAL: Connection to database failed: connection refused
Downloading dependencies...
Connecting to external service...",infra
"Downloading dependencies...
[INFO] Building project...
Setting up test environment...
TestTimedOutException: test timed out after 30000 milliseconds
Setting up test environment...",test
"Connecting to external service...
Connecting to external service...
Job exceeded maximum allowed timeout of 3600 seconds
Downloading dependencies...",infra
"Process exited with code 1
The process '/bin/bash' exited with code 1
[INFO] Building project...
Downloading dependencies...",unknown
"Setting up test environment...
[WARN] Deprecated API usage detected
Downloading dependencies...
java.lang.AssertionError: expected true but was false
  at TestFoo.testBar(TestFoo.java:56)
[INFO] Building project...",test
"docker: Error response from daemon: Conflict. The container name is already in use.
[DEBUG] Loading configuration...
Executing Gradle task...",infra
"Job exceeded maximum allowed timeout of 3600 seconds
Uploading artifacts to registry...
Executing Gradle task...
Running CI pipeline step 2...",infra
"Executing Gradle task...
Connecting to external service...
[INFO] Starting Spring Boot application...
java.lang.AssertionError: expected true but was false
  at TestFoo.testBar(TestFoo.java:56)
[INFO] Starting Spring Boot application...",test
"[INFO] Starting Spring Boot application...
Job exceeded maximum allowed timeout of 3600 seconds
[DEBUG] Loading configuration...
[WARN] Deprecated API usage detected
Connecting to external service...",infra
"Running CI pipeline step 17...
FAILED: com.example.api.UserControllerTest - 2 tests FAILED
[INFO] Building project...
Connecting to external service...",test
"ERROR: No space left on device (errno=28)
failed to write output file
Setting up test environment...
Downloading dependencies...",infra
"[DEBUG] Loading configuration...
Connecting to external service...
[INFO] Building project...
java.net.ConnectException: Connection refused (Connection refused)
  at sun.reflect.NativeConstructorAccessorImpl.newInstance0(Native Method)
[DEBUG] Loading configuration...",infra
"Running CI pipeline step 10...
curl: (6) Could not resolve host: maven.example.com
[WARN] Deprecated API usage detected",infra
"java.lang.AssertionError: expected true but was false
  at TestFoo.testBar(TestFoo.java:56)
[WARN] Deprecated API usage detected
Running CI pipeline step 4...",test
"Setting up test environment...
[INFO] Starting Spring Boot application...
Error response from daemon: OOM killer killed your process",infra
"Connecting to external service...
org.junit.ComparisonFailure: expected:<Hello [World]> but was:<Hello [there]>
Downloading dependencies...
Setting up test environment...",test
"Uploading artifacts to registry...
[INFO] Building project...
gitleaks: possible secret in commit abc123: password = 'supersecret123'
[DEBUG] Loading configuration...",security
"java.lang.OutOfMemoryError: Java heap space
  at java.util.Arrays.copyOf(Arrays.java:3210)
Uploading artifacts to registry...
[INFO] Starting Spring Boot application...
Downloading dependencies...
Executing Gradle task...",infra
"Running CI pipeline step 11...
Setting up test environment...
Downloading dependencies...
An unexpected error occurred during pipeline execution
Setting up test environment...",unknown
"[INFO] Starting Spring Boot application...
Downloading dependencies...
Gradle build daemon disappeared unexpectedly",build
"org.awaitility.core.ConditionTimeoutException: Condition not met within 5 seconds
[WARN] Deprecated API usage detected
Uploading artifacts to registry...",test
"PMD: Avoid unused private fields such as 'logger'.
[INFO] Building project...
[WARN] Deprecated API usage detected",build
"[INFO] Building project...
Uploading artifacts to registry...
SpotBugs found 3 bugs in com.example.UserService",build
"[INFO] Building project...
Setting up test environment...
[INFO] Starting Spring Boot application...
java.lang.AssertionError: expected:<200> but was:<500>
  at org.junit.Assert.fail(Assert.java:88)",test
"Downloading dependencies...
Setting up test environment...
docker: Error response from daemon: Conflict. The container name is already in use.",infra
"Running CI pipeline step 12...
Uploading artifacts to registry...
FAILED: com.example.api.UserControllerTest - 2 tests FAILED
[INFO] Starting Spring Boot application...",test
"CRITICAL: jackson-databind 2.13.0 - Remote Code Execution via CVE-2022-42003
[DEBUG] Loading configuration...
[DEBUG] Loading configuration...",security
"Script terminated with non-zero exit status
Downloading dependencies...
[WARN] Deprecated API usage detected
Connecting to external service...",unknown
"[DEBUG] Loading configuration...
org.junit.ComparisonFailure: expected:<Hello [World]> but was:<Hello [there]>
Uploading artifacts to registry...",test
"Executing Gradle task...
Process exited with code 1
The process '/bin/bash' exited with code 1
Executing Gradle task...",unknown
"Connecting to external service...
[INFO] Starting Spring Boot application...
fatal error: OOM at gc/mark_termination.go:1234
Downloading dependencies...",infra
"ERROR: No space left on device (errno=28)
failed to write output file
Uploading artifacts to registry...
Running CI pipeline step 10...
[INFO] Starting Spring Boot application...",infra
"[WARN] Deprecated API usage detected
Executing Gradle task...
Executing Gradle task...
[ERROR] BUILD FAILURE
[ERROR] Failed to execute goal org.apache.maven.plugins:maven-compiler-plugin:3.11:compile",build
"Downloading dependencies...
[ERROR] Source option 8 is no longer supported. Use 11 or later.
Connecting to external service...
Connecting to external service...",build
"[DEBUG] Loading configuration...
[WARN] Deprecated API usage detected
BUILD FAILED in 42s
3 actionable tasks: 1 executed, 2 failed
Setting up test environment...
[INFO] Building project...",build
"error: cannot find symbol
  class UserRepository
  location: package com.example.repository
Downloading dependencies...
[INFO] Starting Spring Boot application...
Connecting to external service...
Setting up test environment...",build
"Setting up test environment...
Uploading artifacts to registry...
Downloading dependencies...
Error response from daemon: OOM killer killed your process",infra
"Could not find artifact org.example:lib:jar:2.0.0 in central
[INFO] Building project...
Executing Gradle task...",build
"Uploading artifacts to registry...
SSL handshake failed: PKIX path building failed: unable to find valid certification path
Running CI pipeline step 17...",infra
"Downloading dependencies...
[DEBUG] Loading configuration...
The runner has disconnected unexpectedly
Setting up test environment...
[WARN] Deprecated API usage detected",unknown
"[INFO] Starting Spring Boot application...
Tests run: 45, Failures: 3, Errors: 0, Skipped: 2
  FAILED com.example.UserServiceTest.testCreateUser
Uploading artifacts to registry...
Running CI pipeline step 19...",test
"Executing Gradle task...
Script terminated with non-zero exit status
Setting up test environment...
[DEBUG] Loading configuration...",unknown
"FATAL: Connection to database failed: connection refused
Uploading artifacts to registry...
[WARN] Deprecated API usage detected",infra
"Running CI pipeline step 17...
Connecting to external service...
[ERROR] Source option 8 is no longer supported. Use 11 or later.
Connecting to external service...
[DEBUG] Loading configuration...",build
"Uploading artifacts to registry...
[INFO] Starting Spring Boot application...
Uploading artifacts to registry...
Uploading artifacts to registry...
Cannot connect to the Docker daemon at unix:///var/run/docker.sock. Is the docker daemon running?",infra
"SpotBugs found 3 bugs in com.example.UserService
Running CI pipeline step 6...
Setting up test environment...",build
"[INFO] Starting Spring Boot application...
Failed to load ApplicationContext for test class com.example.IntegrationTest
Uploading artifacts to registry...",test
"Connecting to external service...
[DEBUG] Loading configuration...
Mockito: Wanted but not invoked: mockUserRepo.save()",test
"java.lang.OutOfMemoryError: Java heap space
  at java.util.Arrays.copyOf(Arrays.java:3210)
[DEBUG] Loading configuration...
Connecting to external service...
[INFO] Building project...",infra
"Cannot connect to the Docker daemon at unix:///var/run/docker.sock. Is the docker daemon running?
Setting up test environment...
Uploading artifacts to registry...
[INFO] Building project...",infra
"[DEBUG] Loading configuration...
Connecting to external service...
[WARN] Deprecated API usage detected
curl: (6) Could not resolve host: maven.example.com
[INFO] Building project...",infra
"java.lang.OutOfMemoryError: Java heap space
  at java.util.Arrays.copyOf(Arrays.java:3210)
Uploading artifacts to registry...
[INFO] Starting Spring Boot application...
[INFO] Starting Spring Boot application...",infra
"Uploading artifacts to registry...
[INFO] Starting Spring Boot application...
OWASP dependency-check failed: 5 vulnerabilities exceed configured threshold (CVSS >= 7.0)",security
"[INFO] Starting Spring Boot application...
Downloading dependencies...
Connecting to external service...
java.lang.AssertionError: expected:<200> but was:<500>
  at org.junit.Assert.fail(Assert.java:88)
Running CI pipeline step 14...",test
"Running CI pipeline step 19...
FAILED: com.example.api.UserControllerTest - 2 tests FAILED
Uploading artifacts to registry...
Downloading dependencies...
[INFO] Starting Spring Boot application...",test
"[ERROR] Source option 8 is no longer supported. Use 11 or later.
Uploading artifacts to registry...
Uploading artifacts to registry...
Downloading dependencies...
[DEBUG] Loading configuration...",build
"SpotBugs found 3 bugs in com.example.UserService
Connecting to external service...
[INFO] Building project...",build
"[DEBUG] Loading configuration...
PMD: Avoid unused private fields such as 'logger'.
[INFO] Building project...
Uploading artifacts to registry...
[WARN] Deprecated API usage detected",build
"Connecting to external service...
Setting up test environment...
SonarQube Security Hotspot: SQL Injection vulnerability in UserDao.java:123",security
"[INFO] Starting Spring Boot application...
Setting up test environment...
> Task :test FAILED
Could not resolve com.h2database:h2:2.2.224",build
"Unable to acquire JDBC Connection: HikariPool-1 - Connection is not available, request timed out after 30001ms
Uploading artifacts to registry...
[INFO] Starting Spring Boot application...",infra
"Tests run: 45, Failures: 3, Errors: 0, Skipped: 2
  FAILED com.example.UserServiceTest.testCreateUser
[WARN] Deprecated API usage detected
Setting up test environment...
Running CI pipeline step 17...
[WARN] Deprecated API usage detected",test
"ERROR in test setup: @Before method threw exception
[INFO] Starting Spring Boot application...
[INFO] Starting Spring Boot application...",test
"[WARN] Deprecated API usage detected
Uploading artifacts to registry...
[INFO] Starting Spring Boot application...
Executing Gradle task...
junit.framework.AssertionFailedError: Expected 5 but was 3",test
"[INFO] Building project...
Job exceeded maximum allowed timeout of 3600 seconds
Executing Gradle task...",infra
"[WARN] Deprecated API usage detected
Unable to acquire JDBC Connection: HikariPool-1 - Connection is not available, request timed out after 30001ms
[DEBUG] Loading configuration...
[WARN] Deprecated API usage detected",infra
"Running CI pipeline step 2...
[DEBUG] Loading configuration...
Executing Gradle task...
SpotBugs found 3 bugs in com.example.UserService
[DEBUG] Loading configuration...",build
"Executing Gradle task...
Connecting to external service...
Connecting to external service...
Downloading dependencies...
Job exceeded maximum allowed timeout of 3600 seconds",infra
"SpotBugs found 3 bugs in com.example.UserService
Connecting to external service...
[DEBUG] Loading configuration...
Connecting to external service...",build
"Could not resolve all dependencies for configuration ':compileClasspath'.
> Could not find com.example:missing-lib:1.0
Executing Gradle task...
[INFO] Starting Spring Boot application...",build
"Executing Gradle task...
Downloading dependencies...
java.lang.AssertionError: expected:<200> but was:<500>
  at org.junit.Assert.fail(Assert.java:88)
[INFO] Building project...",test
"Cannot connect to the Docker daemon at unix:///var/run/docker.sock. Is the docker daemon running?
[WARN] Deprecated API usage detected
Connecting to external service...
Executing Gradle task...",infra
"Executing Gradle task...
Uploading artifacts to registry...
Executing Gradle task...
Executing Gradle task...
TestTimedOutException: test timed out after 30000 milliseconds",test
"Setting up test environment...
error: method does not override or implement a method from a supertype
  @Override
Downloading dependencies...",build
"[DEBUG] Loading configuration...
Cannot connect to the Docker daemon at unix:///var/run/docker.sock. Is the docker daemon running?
Downloading dependencies...
Uploading artifacts to registry...",infra
"Could not resolve all dependencies for configuration ':compileClasspath'.
> Could not find com.example:missing-lib:1.0
[INFO] Building project...
[WARN] Deprecated API usage detected
[DEBUG] Loading configuration...",build
"Unable to acquire JDBC Connection: HikariPool-1 - Connection is not available, request timed out after 30001ms
Downloading dependencies...
Executing Gradle task...",infra
"error: package jakarta.validation does not exist
[WARN] Deprecated API usage detected
[WARN] Deprecated API usage detected
Setting up test environment...
[WARN] Deprecated API usage detected",build
"Script terminated with non-zero exit status
Running CI pipeline step 7...
[WARN] Deprecated API usage detected",unknown
"Error: ENOSPC: no space left on device, write
[INFO] Starting Spring Boot application...
Executing Gradle task...
[INFO] Starting Spring Boot application...
Executing Gradle task...",infra
"[WARN] Deprecated API usage detected
[INFO] Starting Spring Boot application...
Downloading dependencies...
com.zaxxer.hikari.pool.HikariPool: HikariPool-1 - Connection is not available, timeout after 30000ms
Connecting to external service...",infra
"Executing Gradle task...
[INFO] Starting Spring Boot application...
org.junit.ComparisonFailure: expected:<Hello [World]> but was:<Hello [there]>",test
"Executing Gradle task...
org.awaitility.core.ConditionTimeoutException: Condition not met within 5 seconds
Downloading dependencies...",test
"Downloading dependencies...
[WARN] Deprecated API usage detected
Connecting to external service...
AssertionError: 404 != 200
Downloading dependencies...",test
"Uploading artifacts to registry...
SSL handshake failed: PKIX path building failed: unable to find valid certification path
Executing Gradle task...",infra
"Error: ENOSPC: no space left on device, write
Executing Gradle task...
Uploading artifacts to registry...",infra
"[WARN] Deprecated API usage detected
[WARN] Deprecated API usage detected
Error response from daemon: OOM killer killed your process
[INFO] Building project...
Setting up test environment...",infra
"Job exceeded maximum allowed timeout of 3600 seconds
Uploading artifacts to registry...
[DEBUG] Loading configuration...
[DEBUG] Loading configuration...
Uploading artifacts to registry...",infra
"[INFO] Starting Spring Boot application...
Setting up test environment...
Uploading artifacts to registry...
dependency-check: FAIL - 3 dependencies with CVSS score >= 8.0",security
"Connecting to external service...
[DEBUG] Loading configuration...
Gradle build daemon disappeared unexpectedly
Running CI pipeline step 10...
[WARN] Deprecated API usage detected",build
"junit.framework.AssertionFailedError: Expected 5 but was 3
Uploading artifacts to registry...
[INFO] Starting Spring Boot application...
[DEBUG] Loading configuration...
Connecting to external service...",test
"Running CI pipeline step 7...
[INFO] Starting Spring Boot application...
Setting up test environment...
[ERROR] Source option 8 is no longer supported. Use 11 or later.
[WARN] Deprecated API usage detected",build
"AssertionError: 404 != 200
Executing Gradle task...
Connecting to external service...
Running CI pipeline step 5...",test
"com.zaxxer.hikari.pool.HikariPool: HikariPool-1 - Connection is not available, timeout after 30000ms
[INFO] Starting Spring Boot application...
Running CI pipeline step 19...",infra
"Downloading dependencies...
Uploading artifacts to registry...
Running CI pipeline step 6...
java.lang.AssertionError: expected true but was false
  at TestFoo.testBar(TestFoo.java:56)
[DEBUG] Loading configuration...",test
"Executing Gradle task...
Error response from daemon: OOM killer killed your process
Running CI pipeline step 4...
[WARN] Deprecated API usage detected
[INFO] Building project...",infra
"Executing Gradle task...
Running CI pipeline step 9...
java.lang.OutOfMemoryError: Java heap space
  at java.util.Arrays.copyOf(Arrays.java:3210)
Running CI pipeline step 14...",infra
"Uploading artifacts to registry...
Error: ENOSPC: no space left on device, write
Setting up test environment...
Running CI pipeline step 3...",infra
"[WARN] Deprecated API usage detected
SonarQube Security Hotspot: SQL Injection vulnerability in UserDao.java:123
[INFO] Building project...",security
"Connecting to external service...
Running CI pipeline step 9...
[WARN] Deprecated API usage detected
[DEBUG] Loading configuration...
> Task :test FAILED
Could not resolve com.h2database:h2:2.2.224",build
"Setting up test environment...
Uploading artifacts to registry...
java.lang.AssertionError: expected true but was false
  at TestFoo.testBar(TestFoo.java:56)",test
"Executing Gradle task...
Unable to acquire JDBC Connection: HikariPool-1 - Connection is not available, request timed out after 30001ms
Connecting to external service...",infra
"[DEBUG] Loading configuration...
Connecting to external service...
CVE-2024-12345: Critical vulnerability found in log4j-core:2.14.1 (CVSS 9.8)",security
"Executing Gradle task...
java.net.ConnectException: Connection refused (Connection refused)
  at sun.reflect.NativeConstructorAccessorImpl.newInstance0(Native Method)
Executing Gradle task...
Connecting to external service...
Uploading artifacts to registry...",infra
"[WARN] Deprecated API usage detected
Uploading artifacts to registry...
Executing Gradle task...
error: exit status 2",unknown
"[WARN] Deprecated API usage detected
java.lang.OutOfMemoryError: Java heap space
  at java.util.Arrays.copyOf(Arrays.java:3210)
[WARN] Deprecated API usage detected",infra
"com.zaxxer.hikari.pool.HikariPool: HikariPool-1 - Connection is not available, timeout after 30000ms
[INFO] Starting Spring Boot application...
[INFO] Building project...",infra
"Setting up test environment...
SSL handshake failed: PKIX path building failed: unable to find valid certification path
Running CI pipeline step 13...
Running CI pipeline step 6...",infra
"[INFO] Starting Spring Boot application...
[INFO] Starting Spring Boot application...
> Task :test FAILED
Could not resolve com.h2database:h2:2.2.224
Setting up test environment...
Executing Gradle task...",build
"[INFO] Building project...
Executing Gradle task...
[ERROR] BUILD FAILURE
[ERROR] Failed to execute goal org.apache.maven.plugins:maven-compiler-plugin:3.11:compile",build
"[DEBUG] Loading configuration...
[INFO] Building project...
[INFO] Starting Spring Boot application...
BUILD FAILED in 42s
3 actionable tasks: 1 executed, 2 failed",build
"Uploading artifacts to registry...
[WARN] Deprecated API usage detected
Could not find artifact org.example:lib:jar:2.0.0 in central
Downloading dependencies...",build
"Setting up test environment...
TestTimedOutException: test timed out after 30000 milliseconds
Connecting to external service...
Connecting to external service...
Executing Gradle task...",test
"Setting up test environment...
FATAL: Connection to database failed: connection refused
Running CI pipeline step 6...",infra
"Running CI pipeline step 18...
[DEBUG] Loading configuration...
error: cannot find symbol
  class UserRepository
  location: package com.example.repository",build
"[WARN] Deprecated API usage detected
[WARN] Deprecated API usage detected
Mockito: Wanted but not invoked: mockUserRepo.save()
[INFO] Building project...",test
"[INFO] Starting Spring Boot application...
Downloading dependencies...
[WARN] Deprecated API usage detected
Downloading dependencies...
Could not find artifact org.example:lib:jar:2.0.0 in central",build
"Job exceeded maximum allowed timeout of 3600 seconds
[WARN] Deprecated API usage detected
Running CI pipeline step 10...
Uploading artifacts to registry...",infra
"Executing Gradle task...
Downloading dependencies...
java.lang.NullPointerException
  at com.example.service.UserServiceTest.testGetUser(UserServiceTest.java:42)
Executing Gradle task...",test
"[DEBUG] Loading configuration...
Setting up test environment...
Job exceeded maximum allowed timeout of 3600 seconds
[WARN] Deprecated API usage detected
Connecting to external service...",infra
"[WARN] Deprecated API usage detected
[INFO] Building project...
org.springframework.beans.factory.BeanCreationException: Error creating bean with name 'userService'",test
"Downloading dependencies...
Unable to acquire JDBC Connection: HikariPool-1 - Connection is not available, request timed out after 30001ms
Downloading dependencies...",infra
"Executing Gradle task...
Setting up test environment...
Script terminated with non-zero exit status
[INFO] Starting Spring Boot application...",unknown
"Connecting to external service...
Downloading dependencies...
[DEBUG] Loading configuration...
[INFO] Starting Spring Boot application...
junit.framework.AssertionFailedError: Expected 5 but was 3",test
"The runner has disconnected unexpectedly
[INFO] Building project...
[DEBUG] Loading configuration...
[INFO] Building project...
Connecting to external service...",unknown
"Executing Gradle task...
Mockito: Wanted but not invoked: mockUserRepo.save()
[DEBUG] Loading configuration...",test
"Uploading artifacts to registry...
[DEBUG] Loading configuration...
junit.framework.AssertionFailedError: Expected 5 but was 3
Downloading dependencies...",test
"junit.framework.AssertionFailedError: Expected 5 but was 3
[WARN] Deprecated API usage detected
[INFO] Building project...
[INFO] Building project...
Running CI pipeline step 18...",test
"[INFO] Building project...
Could not resolve all dependencies for configuration ':compileClasspath'.
> Could not find com.example:missing-lib:1.0
[INFO] Starting Spring Boot application...
Setting up test environment...
[INFO] Starting Spring Boot application...",build
"Executing Gradle task...
[DEBUG] Loading configuration...
error: package jakarta.validation does not exist
Uploading artifacts to registry...
[INFO] Building project...",build
"[DEBUG] Loading configuration...
Executing Gradle task...
Executing Gradle task...
Connecting to external service...
FATAL: Connection to database failed: connection refused",infra
"FAILED: com.example.api.UserControllerTest - 2 tests FAILED
Executing Gradle task...
Setting up test environment...
[INFO] Building project...",test
"Uploading artifacts to registry...
fatal error: OOM at gc/mark_termination.go:1234
Executing Gradle task...
Uploading artifacts to registry...",infra
"Security policy violation: image uses root user. Add USER nonroot to Dockerfile.
Connecting to external service...
[INFO] Building project...",security
"Snyk test failed: 2 critical severity vulnerabilities found in spring-core:5.3.20
[WARN] Deprecated API usage detected
Connecting to external service...",security
"[INFO] Building project...
Setting up test environment...
[INFO] Building project...
Connecting to external service...
org.junit.ComparisonFailure: expected:<Hello [World]> but was:<Hello [there]>",test
"Connecting to external service...
Downloading dependencies...
Setting up test environment...
Uploading artifacts to registry...
java.lang.NullPointerException
  at com.example.service.UserServiceTest.testGetUser(UserServiceTest.java:42)",test
"[DEBUG] Loading configuration...
Setting up test environment...
TestTimedOutException: test timed out after 30000 milliseconds
[INFO] Starting Spring Boot application...",test
"Uploading artifacts to registry...
Checkstyle rule violated: MagicNumber at line 42, column 18.
[INFO] Starting Spring Boot application...",build
"Setting up test environment...
[DEBUG] Loading configuration...
SpotBugs found 3 bugs in com.example.UserService
Setting up test environment...",build
"FAILED: com.example.api.UserControllerTest - 2 tests FAILED
Uploading artifacts to registry...
[DEBUG] Loading configuration...
Uploading artifacts to registry...
[INFO] Starting Spring Boot application...",test
"Could not find artifact org.example:lib:jar:2.0.0 in central
[DEBUG] Loading configuration...
[INFO] Building project...
Setting up test environment...
Running CI pipeline step 2...",build
"error: package jakarta.validation does not exist
[INFO] Building project...
[WARN] Deprecated API usage detected",build
"Uploading artifacts to registry...
Error: ENOSPC: no space left on device, write
Setting up test environment...
[WARN] Deprecated API usage detected",infra
"[DEBUG] Loading configuration...
Uploading artifacts to registry...
junit.framework.AssertionFailedError: Expected 5 but was 3",test
"Tests run: 45, Failures: 3, Errors: 0, Skipped: 2
  FAILED com.example.UserServiceTest.testCreateUser
Setting up test environment...
Setting up test environment...
[WARN] Deprecated API usage detected
Uploading artifacts to registry...",test
"Connecting to external service...
docker: Error response from daemon: Conflict. The container name is already in use.
Running CI pipeline step 10...
Executing Gradle task...",infra
"[INFO] Starting Spring Boot application...
Tests run: 45, Failures: 3, Errors: 0, Skipped: 2
  FAILED com.example.UserServiceTest.testCreateUser
Downloading dependencies...
Connecting to external service...",test
"Executing Gradle task...
Uploading artifacts to registry...
Cannot connect to the Docker daemon at unix:///var/run/docker.sock. Is the docker daemon running?",infra
"Connecting to external service...
curl: (6) Could not resolve host: maven.example.com
Running CI pipeline step 3...",infra
"error: cannot find symbol
  class UserRepository
  location: package com.example.repository
[WARN] Deprecated API usage detected
Setting up test environment...",build
"FAILED: com.example.api.UserControllerTest - 2 tests FAILED
Executing Gradle task...
[INFO] Starting Spring Boot application...
Running CI pipeline step 11...
[DEBUG] Loading configuration...",test
"[DEBUG] Loading configuration...
org.springframework.beans.factory.BeanCreationException: Error creating bean with name 'userService'
Connecting to external service...",test
"[INFO] Starting Spring Boot application...
Uploading artifacts to registry...
Executing Gradle task...
[INFO] Starting Spring Boot application...
com.zaxxer.hikari.pool.HikariPool: HikariPool-1 - Connection is not available, timeout after 30000ms",infra
"Setting up test environment...
Executing Gradle task...
fatal error: OOM at gc/mark_termination.go:1234",infra
"Could not resolve all dependencies for configuration ':compileClasspath'.
> Could not find com.example:missing-lib:1.0
[INFO] Building project...
Running CI pipeline step 14...",build
"[INFO] Starting Spring Boot application...
gitleaks: possible secret in commit abc123: password = 'supersecret123'
Setting up test environment...
[DEBUG] Loading configuration...
[INFO] Starting Spring Boot application...",security
"[DEBUG] Loading configuration...
[INFO] Building project...
Setting up test environment...
Connecting to external service...
junit.framework.AssertionFailedError: Expected 5 but was 3",test
"Uploading artifacts to registry...
dependency-check: FAIL - 3 dependencies with CVSS score >= 8.0
[DEBUG] Loading configuration...
[WARN] Deprecated API usage detected
Setting up test environment...",security
"org.junit.ComparisonFailure: expected:<Hello [World]> but was:<Hello [there]>
[WARN] Deprecated API usage detected
Setting up test environment...
[INFO] Building project...
[WARN] Deprecated API usage detected",test
"error: exit status 2
Downloading dependencies...
[WARN] Deprecated API usage detected
Setting up test environment...
[DEBUG] Loading configuration...",unknown
"SSL handshake failed: PKIX path building failed: unable to find valid certification path
Running CI pipeline step 2...
Setting up test environment...",infra
"[WARN] Deprecated API usage detected
Tests run: 45, Failures: 3, Errors: 0, Skipped: 2
  FAILED com.example.UserServiceTest.testCreateUser
Executing Gradle task...
[WARN] Deprecated API usage detected
Connecting to external service...",test
"[DEBUG] Loading configuration...
Uploading artifacts to registry...
[WARN] Deprecated API usage detected
[DEBUG] Loading configuration...
gitleaks: possible secret in commit abc123: password = 'supersecret123'",security
"[INFO] Starting Spring Boot application...
Executing Gradle task...
[ERROR] Source option 8 is no longer supported. Use 11 or later.",build
"AssertionError: 404 != 200
Downloading dependencies...
[DEBUG] Loading configuration...
[INFO] Starting Spring Boot application...
Setting up test environment...",test
"[INFO] Starting Spring Boot application...
[ERROR] BUILD FAILURE
[ERROR] Failed to execute goal org.apache.maven.plugins:maven-compiler-plugin:3.11:compile
[DEBUG] Loading configuration...",build
"Running CI pipeline step 5...
Executing Gradle task...
ERROR: No space left on device (errno=28)
failed to write output file
Setting up test environment...
[DEBUG] Loading configuration...",infra
"Downloading dependencies...
SpotBugs found 3 bugs in com.example.UserService
Downloading dependencies...",build
"FAILURE: Build failed with an exception.
* What went wrong:
Execution failed for task ':compileJava'.
Downloading dependencies...
Executing Gradle task...",build
"[DEBUG] Loading configuration...
Setting up test environment...
curl: (6) Could not resolve host: maven.example.com
Connecting to external service...",infra
"Uploading artifacts to registry...
[WARN] Deprecated API usage detected
Downloading dependencies...
Security policy violation: image uses root user. Add USER nonroot to Dockerfile.",security
"[INFO] Starting Spring Boot application...
Executing Gradle task...
Trivy scan found 3 CRITICAL and 7 HIGH vulnerabilities in openjdk:17-alpine base image
[WARN] Deprecated API usage detected",security
"Connecting to external service...
Connecting to external service...
ERROR: No space left on device (errno=28)
failed to write output file
Executing Gradle task...",infra
"Setting up test environment...
Running CI pipeline step 10...
java.lang.AssertionError: expected true but was false
  at TestFoo.testBar(TestFoo.java:56)
Setting up test environment...",test
"error: method does not override or implement a method from a supertype
  @Override
Downloading dependencies...
Downloading dependencies...",build
"ERROR in test setup: @Before method threw exception
Downloading dependencies...
[DEBUG] Loading configuration...",test
"Executing Gradle task...
Downloading dependencies...
PMD: Avoid unused private fields such as 'logger'.",build
"Could not resolve host: registry.example.com: Name or service not known
[INFO] Starting Spring Boot application...
Connecting to external service...
Setting up test environment...",infra
"[ERROR] Tests run: 1, Failures: 1, Errors: 0, Skipped: 0
Running CI pipeline step 14...
[WARN] Deprecated API usage detected",test
"[DEBUG] Loading configuration...
[INFO] Starting Spring Boot application...
curl: (6) Could not resolve host: maven.example.com
[DEBUG] Loading configuration...",infra
"Running CI pipeline step 3...
Connecting to external service...
OWASP dependency-check failed: 5 vulnerabilities exceed configured threshold (CVSS >= 7.0)
[DEBUG] Loading configuration...
[INFO] Building project...",security
"Connecting to external service...
Setting up test environment...
Error response from daemon: OOM killer killed your process",infra
"[INFO] Building project...
java.lang.OutOfMemoryError: Java heap space
  at java.util.Arrays.copyOf(Arrays.java:3210)
Executing Gradle task...
Running CI pipeline step 2...",infra
"PMD: Avoid unused private fields such as 'logger'.
Running CI pipeline step 4...
[WARN] Deprecated API usage detected
Running CI pipeline step 16...",build
"OWASP dependency-check failed: 5 vulnerabilities exceed configured threshold (CVSS >= 7.0)
Executing Gradle task...
[DEBUG] Loading configuration...
Setting up test environment...
Executing Gradle task...",security
"error: exit status 2
Running CI pipeline step 7...
Running CI pipeline step 2...
Executing Gradle task...
[DEBUG] Loading configuration...",unknown
"[INFO] Starting Spring Boot application...
[WARN] Deprecated API usage detected
Gradle build daemon disappeared unexpectedly",build
"Connecting to external service...
Setting up test environment...
Tests run: 45, Failures: 3, Errors: 0, Skipped: 2
  FAILED com.example.UserServiceTest.testCreateUser
[DEBUG] Loading configuration...",test
"[DEBUG] Loading configuration...
Could not resolve host: registry.example.com: Name or service not known
Uploading artifacts to registry...
Uploading artifacts to registry...",infra
"Downloading dependencies...
Setting up test environment...
SSL handshake failed: PKIX path building failed: unable to find valid certification path",infra
"Downloading dependencies...
Setting up test environment...
Job exceeded maximum allowed timeout of 3600 seconds
[WARN] Deprecated API usage detected",infra
"Uploading artifacts to registry...
Downloading dependencies...
error: exit status 2
Setting up test environment...
Executing Gradle task...",unknown
"java.net.ConnectException: Connection refused (Connection refused)
  at sun.reflect.NativeConstructorAccessorImpl.newInstance0(Native Method)
[WARN] Deprecated API usage detected
Setting up test environment...",infra
"[INFO] Starting Spring Boot application...
> Task :test FAILED
Could not resolve com.h2database:h2:2.2.224
Uploading artifacts to registry...
Downloading dependencies...",build
"Running CI pipeline step 10...
[INFO] Building project...
Uploading artifacts to registry...
> Task :test FAILED
Could not resolve com.h2database:h2:2.2.224
Executing Gradle task...",build
"FAILED: com.example.api.UserControllerTest - 2 tests FAILED
[WARN] Deprecated API usage detected
Setting up test environment...
Downloading dependencies...
[WARN] Deprecated API usage detected",test
"fatal error: OOM at gc/mark_termination.go:1234
[INFO] Building project...
Setting up test environment...
Setting up test environment...",infra
"Connecting to external service...
Connecting to external service...
Job exceeded maximum allowed timeout of 3600 seconds",infra
"Downloading dependencies...
TestTimedOutException: test timed out after 30000 milliseconds
Executing Gradle task...
[INFO] Starting Spring Boot application...",test
"SonarQube Security Hotspot: SQL Injection vulnerability in UserDao.java:123
[WARN] Deprecated API usage detected
Running CI pipeline step 2...",security
"org.junit.ComparisonFailure: expected:<Hello [World]> but was:<Hello [there]>
Downloading dependencies...
Downloading dependencies...",test
"[INFO] Building project...
Executing Gradle task...
Setting up test environment...
ERROR: No space left on device (errno=28)
failed to write output file",infra
"Connecting to external service...
[WARN] Deprecated API usage detected
Running CI pipeline step 7...
AssertionError: 404 != 200",test
"[INFO] Building project...
Running CI pipeline step 11...
[WARN] Deprecated API usage detected
AssertionError: 404 != 200
Setting up test environment...",test
"[INFO] Building project...
Trivy scan found 3 CRITICAL and 7 HIGH vulnerabilities in openjdk:17-alpine base image
[INFO] Starting Spring Boot application...
[INFO] Starting Spring Boot application...
Running CI pipeline step 6...",security
"SonarQube Security Hotspot: SQL Injection vulnerability in UserDao.java:123
Uploading artifacts to registry...
Running CI pipeline step 11...",security
"[INFO] Starting Spring Boot application...
Cannot connect to the Docker daemon at unix:///var/run/docker.sock. Is the docker daemon running?
[INFO] Starting Spring Boot application...
Connecting to external service...",infra
"Connecting to external service...
[DEBUG] Loading configuration...
org.junit.ComparisonFailure: expected:<Hello [World]> but was:<Hello [there]>",test
"[INFO] Starting Spring Boot application...
Running CI pipeline step 10...
SpotBugs found 3 bugs in com.example.UserService
[INFO] Starting Spring Boot application...
[WARN] Deprecated API usage detected",build
"curl: (6) Could not resolve host: maven.example.com
Downloading dependencies...
[WARN] Deprecated API usage detected
Executing Gradle task...
Connecting to external service...",infra
"Connecting to external service...
Running CI pipeline step 20...
> Task :test FAILED
Could not resolve com.h2database:h2:2.2.224
[DEBUG] Loading configuration...
Executing Gradle task...",build
"ERROR in test setup: @Before method threw exception
[INFO] Starting Spring Boot application...
Connecting to external service...
Executing Gradle task...",test
"Running CI pipeline step 18...
Executing Gradle task...
Connecting to external service...
Unable to acquire JDBC Connection: HikariPool-1 - Connection is not available, request timed out after 30001ms",infra
"fatal error: OOM at gc/mark_termination.go:1234
[DEBUG] Loading configuration...
Downloading dependencies...",infra
"[DEBUG] Loading configuration...
[DEBUG] Loading configuration...
Tests run: 45, Failures: 3, Errors: 0, Skipped: 2
  FAILED com.example.UserServiceTest.testCreateUser
[INFO] Building project...",test
"Uploading artifacts to registry...
Uploading artifacts to registry...
CVE-2024-12345: Critical vulnerability found in log4j-core:2.14.1 (CVSS 9.8)
[INFO] Building project...",security
"Executing Gradle task...
Running CI pipeline step 3...
[ERROR] Source option 8 is no longer supported. Use 11 or later.
Executing Gradle task...",build
"[DEBUG] Loading configuration...
java.lang.AssertionError: expected:<200> but was:<500>
  at org.junit.Assert.fail(Assert.java:88)
Executing Gradle task...
[DEBUG] Loading configuration...",test
"Executing Gradle task...
Downloading dependencies...
SSL handshake failed: PKIX path building failed: unable to find valid certification path
Connecting to external service...
[INFO] Starting Spring Boot application...",infra
"[INFO] Starting Spring Boot application...
[DEBUG] Loading configuration...
Downloading dependencies...
Running CI pipeline step 18...
> Task :test FAILED
Could not resolve com.h2database:h2:2.2.224",build
"Setting up test environment...
Downloading dependencies...
gitleaks: possible secret in commit abc123: password = 'supersecret123'",security
"Executing Gradle task...
Compilation failed; see the compiler error output for details.
javac: error: invalid flag: --enable-preview
Setting up test environment...
Executing Gradle task...",build
"Downloading dependencies...
org.awaitility.core.ConditionTimeoutException: Condition not met within 5 seconds
[INFO] Starting Spring Boot application...",test
"Connecting to external service...
SSL handshake failed: PKIX path building failed: unable to find valid certification path
[INFO] Building project...
Running CI pipeline step 17...",infra
"Running CI pipeline step 16...
java.lang.NullPointerException
  at com.example.service.UserServiceTest.testGetUser(UserServiceTest.java:42)
Setting up test environment...",test
"CRITICAL: jackson-databind 2.13.0 - Remote Code Execution via CVE-2022-42003
Setting up test environment...
Setting up test environment...
[INFO] Building project...
Executing Gradle task...",security
"[DEBUG] Loading configuration...
Uploading artifacts to registry...
[ERROR] Source option 8 is no longer supported. Use 11 or later.",build
"Setting up test environment...
[WARN] Deprecated API usage detected
AssertionError: 404 != 200
Connecting to external service...
Setting up test environment...",test
"Uploading artifacts to registry...
Could not resolve all dependencies for configuration ':compileClasspath'.
> Could not find com.example:missing-lib:1.0
[WARN] Deprecated API usage detected
Executing Gradle task...",build
"> Task :test FAILED
Could not resolve com.h2database:h2:2.2.224
[INFO] Building project...
[DEBUG] Loading configuration...
Downloading dependencies...",build
"Running CI pipeline step 20...
Executing Gradle task...
java.net.ConnectException: Connection refused (Connection refused)
  at sun.reflect.NativeConstructorAccessorImpl.newInstance0(Native Method)",infra
"[INFO] Building project...
Error: ENOSPC: no space left on device, write
[WARN] Deprecated API usage detected",infra
"Secret detected: AWS access key found in config/application.properties
[INFO] Building project...
[INFO] Starting Spring Boot application...
Executing Gradle task...",security
"[INFO] Starting Spring Boot application...
ERROR: No space left on device (errno=28)
failed to write output file
[INFO] Starting Spring Boot application...
Setting up test environment...
Setting up test environment...",infra
"Snyk test failed: 2 critical severity vulnerabilities found in spring-core:5.3.20
[INFO] Starting Spring Boot application...
Running CI pipeline step 15...",security
"Downloading dependencies...
SSL handshake failed: PKIX path building failed: unable to find valid certification path
[INFO] Building project...
[WARN] Deprecated API usage detected
[INFO] Building project...",infra
"Downloading dependencies...
error: method does not override or implement a method from a supertype
  @Override
Connecting to external service...",build
"Downloading dependencies...
Executing Gradle task...
java.lang.AssertionError: expected true but was false
  at TestFoo.testBar(TestFoo.java:56)",test
"Downloading dependencies...
[INFO] Building project...
TestTimedOutException: test timed out after 30000 milliseconds
Downloading dependencies...",test
"Connecting to external service...
[INFO] Starting Spring Boot application...
[INFO] Starting Spring Boot application...
Mockito: Wanted but not invoked: mockUserRepo.save()",test
"[INFO] Building project...
[WARN] Deprecated API usage detected
curl: (6) Could not resolve host: maven.example.com
Running CI pipeline step 10...",infra
"error: cannot find symbol
  class UserRepository
  location: package com.example.repository
[WARN] Deprecated API usage detected
Running CI pipeline step 20...
Uploading artifacts to registry...
Executing Gradle task...",build
"Executing Gradle task...
Running CI pipeline step 13...
[INFO] Building project...
ERROR: No space left on device (errno=28)
failed to write output file
Running CI pipeline step 12...",infra
"Connecting to external service...
Setting up test environment...
[WARN] Deprecated API usage detected
docker: Error response from daemon: Conflict. The container name is already in use.",infra
"[WARN] Deprecated API usage detected
Executing Gradle task...
Job exceeded maximum allowed timeout of 3600 seconds",infra
"[DEBUG] Loading configuration...
Compilation failed; see the compiler error output for details.
javac: error: invalid flag: --enable-preview
[WARN] Deprecated API usage detected
[WARN] Deprecated API usage detected",build
"[WARN] Deprecated API usage detected
The runner has disconnected unexpectedly
[INFO] Building project...
[INFO] Starting Spring Boot application...",unknown
"Trivy scan found 3 CRITICAL and 7 HIGH vulnerabilities in openjdk:17-alpine base image
Connecting to external service...
[INFO] Starting Spring Boot application...
Downloading dependencies...",security
"[WARN] Deprecated API usage detected
Executing Gradle task...
[ERROR] Source option 8 is no longer supported. Use 11 or later.
[INFO] Starting Spring Boot application...
Setting up test environment...",build
"Could not resolve all dependencies for configuration ':compileClasspath'.
> Could not find com.example:missing-lib:1.0
[DEBUG] Loading configuration...
[DEBUG] Loading configuration...",build
"Mockito: Wanted but not invoked: mockUserRepo.save()
Downloading dependencies...
Connecting to external service...
[DEBUG] Loading configuration...",test
"Failed to load ApplicationContext for test class com.example.IntegrationTest
Setting up test environment...
Setting up test environment...
[DEBUG] Loading configuration...",test
"java.lang.NullPointerException
  at com.example.service.UserServiceTest.testGetUser(UserServiceTest.java:42)
Uploading artifacts to registry...
[DEBUG] Loading configuration...",test
"[DEBUG] Loading configuration...
Uploading artifacts to registry...
[DEBUG] Loading configuration...
curl: (6) Could not resolve host: maven.example.com
[WARN] Deprecated API usage detected",infra
"curl: (6) Could not resolve host: maven.example.com
Setting up test environment...
Executing Gradle task...",infra
"Downloading dependencies...
Connecting to external service...
[INFO] Building project...
java.lang.OutOfMemoryError: Java heap space
  at java.util.Arrays.copyOf(Arrays.java:3210)
[INFO] Starting Spring Boot application...",infra
"[DEBUG] Loading configuration...
Running CI pipeline step 8...
error: method does not override or implement a method from a supertype
  @Override
[INFO] Starting Spring Boot application...",build
"Could not resolve all dependencies for configuration ':compileClasspath'.
> Could not find com.example:missing-lib:1.0
Uploading artifacts to registry...
[WARN] Deprecated API usage detected
[INFO] Starting Spring Boot application...",build
"Running CI pipeline step 6...
Setting up test environment...
Error response from daemon: OOM killer killed your process
Downloading dependencies...",infra
"[DEBUG] Loading configuration...
error: method does not override or implement a method from a supertype
  @Override
Uploading artifacts to registry...
Executing Gradle task...
Uploading artifacts to registry...",build
"com.zaxxer.hikari.pool.HikariPool: HikariPool-1 - Connection is not available, timeout after 30000ms
Downloading dependencies...
[WARN] Deprecated API usage detected",infra
"Uploading artifacts to registry...
Running CI pipeline step 6...
SSL handshake failed: PKIX path building failed: unable to find valid certification path
[DEBUG] Loading configuration...
[INFO] Building project...",infra
"Downloading dependencies...
FAILURE: Build failed with an exception.
* What went wrong:
Execution failed for task ':compileJava'.
Running CI pipeline step 6...
[WARN] Deprecated API usage detected
Uploading artifacts to registry...",build
"[DEBUG] Loading configuration...
java.net.ConnectException: Connection refused (Connection refused)
  at sun.reflect.NativeConstructorAccessorImpl.newInstance0(Native Method)
Downloading dependencies...
[DEBUG] Loading configuration...",infra
"Connecting to external service...
ERROR in test setup: @Before method threw exception
Running CI pipeline step 19...
Running CI pipeline step 3...
[DEBUG] Loading configuration...",test
"[WARN] Deprecated API usage detected
[INFO] Building project...
Could not resolve host: registry.example.com: Name or service not known",infra
"Uploading artifacts to registry...
Executing Gradle task...
org.springframework.beans.factory.BeanCreationException: Error creating bean with name 'userService'
Connecting to external service...",test
"Connecting to external service...
[INFO] Building project...
[WARN] Deprecated API usage detected
Could not find artifact org.example:lib:jar:2.0.0 in central",build
"Job exceeded maximum allowed timeout of 3600 seconds
[WARN] Deprecated API usage detected
[INFO] Starting Spring Boot application...
[DEBUG] Loading configuration...",infra
"java.lang.AssertionError: expected true but was false
  at TestFoo.testBar(TestFoo.java:56)
[DEBUG] Loading configuration...
[DEBUG] Loading configuration...",test
"Executing Gradle task...
Running CI pipeline step 12...
Could not resolve host: registry.example.com: Name or service not known
Executing Gradle task...",infra
"java.lang.AssertionError: expected true but was false
  at TestFoo.testBar(TestFoo.java:56)
Uploading artifacts to registry...
[WARN] Deprecated API usage detected",test
"Setting up test environment...
Running CI pipeline step 16...
com.zaxxer.hikari.pool.HikariPool: HikariPool-1 - Connection is not available, timeout after 30000ms",infra
"Executing Gradle task...
Downloading dependencies...
Could not resolve all dependencies for configuration ':compileClasspath'.
> Could not find com.example:missing-lib:1.0
[INFO] Building project...",build
"FATAL: Connection to database failed: connection refused
[DEBUG] Loading configuration...
[WARN] Deprecated API usage detected
Setting up test environment...",infra
"[INFO] Starting Spring Boot application...
Executing Gradle task...
OWASP dependency-check failed: 5 vulnerabilities exceed configured threshold (CVSS >= 7.0)
Running CI pipeline step 3...",security
"Downloading dependencies...
Running CI pipeline step 19...
Running CI pipeline step 18...
java.net.ConnectException: Connection refused (Connection refused)
  at sun.reflect.NativeConstructorAccessorImpl.newInstance0(Native Method)
[DEBUG] Loading configuration...",infra
"Could not find artifact org.example:lib:jar:2.0.0 in central
Downloading dependencies...
[DEBUG] Loading configuration...
Running CI pipeline step 14...",build
"Downloading dependencies...
SonarQube Security Hotspot: SQL Injection vulnerability in UserDao.java:123
[INFO] Starting Spring Boot application...
[WARN] Deprecated API usage detected",security
"Gradle build daemon disappeared unexpectedly
Running CI pipeline step 18...
Connecting to external service...
[WARN] Deprecated API usage detected",build
"Setting up test environment...
Setting up test environment...
Script terminated with non-zero exit status",unknown
"[INFO] Building project...
Uploading artifacts to registry...
java.lang.AssertionError: expected:<200> but was:<500>
  at org.junit.Assert.fail(Assert.java:88)",test
"Could not resolve host: registry.example.com: Name or service not known
Executing Gradle task...
Executing Gradle task...",infra
"[INFO] Starting Spring Boot application...
Downloading dependencies...
Executing Gradle task...
Executing Gradle task...
[ERROR] BUILD FAILURE
[ERROR] Failed to execute goal org.apache.maven.plugins:maven-compiler-plugin:3.11:compile",build
"fatal error: OOM at gc/mark_termination.go:1234
Setting up test environment...
Connecting to external service...",infra
"Uploading artifacts to registry...
[INFO] Building project...
fatal error: OOM at gc/mark_termination.go:1234",infra
"Executing Gradle task...
[INFO] Building project...
[ERROR] BUILD FAILURE
[ERROR] Failed to execute goal org.apache.maven.plugins:maven-compiler-plugin:3.11:compile
Executing Gradle task...
Connecting to external service...",build
"[WARN] Deprecated API usage detected
com.zaxxer.hikari.pool.HikariPool: HikariPool-1 - Connection is not available, timeout after 30000ms
Setting up test environment...
[WARN] Deprecated API usage detected",infra
"[INFO] Building project...
[ERROR] BUILD FAILURE
[ERROR] Failed to execute goal org.apache.maven.plugins:maven-compiler-plugin:3.11:compile
[INFO] Building project...
[DEBUG] Loading configuration...",build
"Connecting to external service...
[DEBUG] Loading configuration...
Mockito: Wanted but not invoked: mockUserRepo.save()",test
"Setting up test environment...
Downloading dependencies...
[DEBUG] Loading configuration...
com.zaxxer.hikari.pool.HikariPool: HikariPool-1 - Connection is not available, timeout after 30000ms
Running CI pipeline step 6...",infra
"Running CI pipeline step 4...
[ERROR] Tests run: 1, Failures: 1, Errors: 0, Skipped: 0
Uploading artifacts to registry...",test
"Executing Gradle task...
OWASP dependency-check failed: 5 vulnerabilities exceed configured threshold (CVSS >= 7.0)
Running CI pipeline step 9...
[DEBUG] Loading configuration...",security
"Cannot connect to the Docker daemon at unix:///var/run/docker.sock. Is the docker daemon running?
[INFO] Building project...
Downloading dependencies...",infra
"error: package jakarta.validation does not exist
Uploading artifacts to registry...
Running CI pipeline step 20...
Downloading dependencies...
[INFO] Building project...",build
"Executing Gradle task...
Uploading artifacts to registry...
Setting up test environment...
Error response from daemon: OOM killer killed your process",infra
"SSL handshake failed: PKIX path building failed: unable to find valid certification path
[WARN] Deprecated API usage detected
Setting up test environment...
[INFO] Starting Spring Boot application...",infra
"Connecting to external service...
Connecting to external service...
Could not find artifact org.example:lib:jar:2.0.0 in central",build
"org.awaitility.core.ConditionTimeoutException: Condition not met within 5 seconds
Setting up test environment...
Connecting to external service...
Setting up test environment...",test
"Connecting to external service...
Job exceeded maximum allowed timeout of 3600 seconds
[DEBUG] Loading configuration...
Running CI pipeline step 16...",infra
"Failed to load ApplicationContext for test class com.example.IntegrationTest
[WARN] Deprecated API usage detected
Executing Gradle task...
Uploading artifacts to registry...",test
"Executing Gradle task...
BUILD FAILED in 42s
3 actionable tasks: 1 executed, 2 failed
Connecting to external service...
Running CI pipeline step 11...",build
"FAILED: com.example.api.UserControllerTest - 2 tests FAILED
Setting up test environment...
Executing Gradle task...
Uploading artifacts to registry...
Uploading artifacts to registry...",test
"Running CI pipeline step 16...
Executing Gradle task...
[INFO] Building project...
curl: (6) Could not resolve host: maven.example.com",infra
"java.lang.NullPointerException
  at com.example.service.UserServiceTest.testGetUser(UserServiceTest.java:42)
Downloading dependencies...
Setting up test environment...
[WARN] Deprecated API usage detected",test
"An unexpected error occurred during pipeline execution
Executing Gradle task...
Running CI pipeline step 20...
Uploading artifacts to registry...
[DEBUG] Loading configuration...",unknown
"Setting up test environment...
[WARN] Deprecated API usage detected
FAILURE: Build failed with an exception.
* What went wrong:
Execution failed for task ':compileJava'.
[DEBUG] Loading configuration...
Uploading artifacts to registry...",build
"Uploading artifacts to registry...
TestTimedOutException: test timed out after 30000 milliseconds
Downloading dependencies...",test
"[DEBUG] Loading configuration...
docker: Error response from daemon: Conflict. The container name is already in use.
Running CI pipeline step 1...
[INFO] Starting Spring Boot application...
[WARN] Deprecated API usage detected",infra
"Unable to acquire JDBC Connection: HikariPool-1 - Connection is not available, request timed out after 30001ms
Running CI pipeline step 5...
Running CI pipeline step 17...",infra
"Could not find artifact org.example:lib:jar:2.0.0 in central
[INFO] Starting Spring Boot application...
[DEBUG] Loading configuration...
Executing Gradle task...",build
"Uploading artifacts to registry...
Connecting to external service...
Downloading dependencies...
SpotBugs found 3 bugs in com.example.UserService",build
"Mockito: Wanted but not invoked: mockUserRepo.save()
[DEBUG] Loading configuration...
[INFO] Starting Spring Boot application...",test
"Running CI pipeline step 12...
> Task :test FAILED
Could not resolve com.h2database:h2:2.2.224
Executing Gradle task...",build
"error: method does not override or implement a method from a supertype
  @Override
Uploading artifacts to registry...
[DEBUG] Loading configuration...",build
"[DEBUG] Loading configuration...
Executing Gradle task...
[ERROR] Source option 8 is no longer supported. Use 11 or later.",build
"Running CI pipeline step 8...
curl: (6) Could not resolve host: maven.example.com
Downloading dependencies...
Executing Gradle task...
Setting up test environment...",infra
"Setting up test environment...
[WARN] Deprecated API usage detected
Setting up test environment...
error: cannot find symbol
  class UserRepository
  location: package com.example.repository",build
"Downloading dependencies...
Executing Gradle task...
Tests run: 45, Failures: 3, Errors: 0, Skipped: 2
  FAILED com.example.UserServiceTest.testCreateUser",test
"[WARN] Deprecated API usage detected
[ERROR] BUILD FAILURE
[ERROR] Failed to execute goal org.apache.maven.plugins:maven-compiler-plugin:3.11:compile
Setting up test environment...",build
"[INFO] Starting Spring Boot application...
Error response from daemon: OOM killer killed your process
Executing Gradle task...",infra
"Running CI pipeline step 19...
Executing Gradle task...
Uploading artifacts to registry...
Could not resolve host: registry.example.com: Name or service not known
Running CI pipeline step 4...",infra
"Running CI pipeline step 18...
[ERROR] Source option 8 is no longer supported. Use 11 or later.
[WARN] Deprecated API usage detected
[INFO] Starting Spring Boot application...",build
"TestTimedOutException: test timed out after 30000 milliseconds
[DEBUG] Loading configuration...
Connecting to external service...
Executing Gradle task...",test
"[DEBUG] Loading configuration...
curl: (6) Could not resolve host: maven.example.com
Setting up test environment...",infra
"Running CI pipeline step 5...
gitleaks: possible secret in commit abc123: password = 'supersecret123'
Downloading dependencies...
[WARN] Deprecated API usage detected
[INFO] Building project...",security
"[WARN] Deprecated API usage detected
Setting up test environment...
Uploading artifacts to registry...
[ERROR] BUILD FAILURE
[ERROR] Failed to execute goal org.apache.maven.plugins:maven-compiler-plugin:3.11:compile",build
"[INFO] Starting Spring Boot application...
[DEBUG] Loading configuration...
[INFO] Building project...
com.zaxxer.hikari.pool.HikariPool: HikariPool-1 - Connection is not available, timeout after 30000ms",infra
"Executing Gradle task...
Running CI pipeline step 10...
[DEBUG] Loading configuration...
[ERROR] BUILD FAILURE
[ERROR] Failed to execute goal org.apache.maven.plugins:maven-compiler-plugin:3.11:compile",build
"[INFO] Building project...
[INFO] Building project...
FAILED: com.example.api.UserControllerTest - 2 tests FAILED",test
"Connecting to external service...
Running CI pipeline step 15...
Checkstyle rule violated: MagicNumber at line 42, column 18.",build
"FAILED: com.example.api.UserControllerTest - 2 tests FAILED
Connecting to external service...
[DEBUG] Loading configuration...
Connecting to external service...
Connecting to external service...",test
"Mockito: Wanted but not invoked: mockUserRepo.save()
Connecting to external service...
[INFO] Building project...
Executing Gradle task...
[INFO] Starting Spring Boot application...",test
"Running CI pipeline step 14...
Running CI pipeline step 6...
java.lang.NullPointerException
  at com.example.service.UserServiceTest.testGetUser(UserServiceTest.java:42)
Running CI pipeline step 11...",test
"error: method does not override or implement a method from a supertype
  @Override
[DEBUG] Loading configuration...
Running CI pipeline step 7...",build
"Executing Gradle task...
Downloading dependencies...
org.awaitility.core.ConditionTimeoutException: Condition not met within 5 seconds
[INFO] Starting Spring Boot application...",test
"Uploading artifacts to registry...
Downloading dependencies...
[INFO] Building project...
Compilation failed; see the compiler error output for details.
javac: error: invalid flag: --enable-preview",build
"Job exceeded maximum allowed timeout of 3600 seconds
[INFO] Starting Spring Boot application...
Connecting to external service...
Setting up test environment...",infra
"Setting up test environment...
Could not resolve host: registry.example.com: Name or service not known
Executing Gradle task...",infra
"[INFO] Building project...
com.zaxxer.hikari.pool.HikariPool: HikariPool-1 - Connection is not available, timeout after 30000ms
Executing Gradle task...
[DEBUG] Loading configuration...
Connecting to external service...",infra
"Connecting to external service...
[DEBUG] Loading configuration...
[INFO] Building project...
SSL handshake failed: PKIX path building failed: unable to find valid certification path",infra
"Executing Gradle task...
Running CI pipeline step 6...
[DEBUG] Loading configuration...
java.lang.AssertionError: expected true but was false
  at TestFoo.testBar(TestFoo.java:56)
Downloading dependencies...",test
"[DEBUG] Loading configuration...
Downloading dependencies...
The runner has disconnected unexpectedly
[DEBUG] Loading configuration...
Setting up test environment...",unknown
"[DEBUG] Loading configuration...
Connecting to external service...
Connecting to external service...
Failed to load ApplicationContext for test class com.example.IntegrationTest",test
"Setting up test environment...
SSL handshake failed: PKIX path building failed: unable to find valid certification path
Executing Gradle task...",infra
"Mockito: Wanted but not invoked: mockUserRepo.save()
Downloading dependencies...
Executing Gradle task...",test
"java.lang.NullPointerException
  at com.example.service.UserServiceTest.testGetUser(UserServiceTest.java:42)
Setting up test environment...
[WARN] Deprecated API usage detected",test
"[INFO] Building project...
[WARN] Deprecated API usage detected
error: method does not override or implement a method from a supertype
  @Override
[INFO] Building project...
Running CI pipeline step 10...",build
"[INFO] Starting Spring Boot application...
Running CI pipeline step 12...
curl: (6) Could not resolve host: maven.example.com",infra
"[WARN] Deprecated API usage detected
BUILD FAILED in 42s
3 actionable tasks: 1 executed, 2 failed
Connecting to external service...
Running CI pipeline step 17...
Uploading artifacts to registry...",build
"[DEBUG] Loading configuration...
Executing Gradle task...
SonarQube Security Hotspot: SQL Injection vulnerability in UserDao.java:123
Downloading dependencies...
Running CI pipeline step 13...",security
"[DEBUG] Loading configuration...
curl: (6) Could not resolve host: maven.example.com
Connecting to external service...
[INFO] Building project...
Uploading artifacts to registry...",infra
"Connecting to external service...
error: exit status 2
[INFO] Building project...",unknown
"Uploading artifacts to registry...
error: cannot find symbol
  class UserRepository
  location: package com.example.repository
Downloading dependencies...
Executing Gradle task...",build
"Compilation failed; see the compiler error output for details.
javac: error: invalid flag: --enable-preview
[WARN] Deprecated API usage detected
[INFO] Building project...",build
"[INFO] Building project...
[DEBUG] Loading configuration...
CVE-2024-12345: Critical vulnerability found in log4j-core:2.14.1 (CVSS 9.8)",security
"Script terminated with non-zero exit status
[INFO] Building project...
Downloading dependencies...
[DEBUG] Loading configuration...",unknown
"Could not resolve all dependencies for configuration ':compileClasspath'.
> Could not find com.example:missing-lib:1.0
[INFO] Starting Spring Boot application...
Setting up test environment...",build
"error: cannot find symbol
  class UserRepository
  location: package com.example.repository
Running CI pipeline step 17...
Downloading dependencies...
Downloading dependencies...",build
"Setting up test environment...
Connecting to external service...
Executing Gradle task...
java.lang.OutOfMemoryError: Java heap space
  at java.util.Arrays.copyOf(Arrays.java:3210)",infra
"Executing Gradle task...
dependency-check: FAIL - 3 dependencies with CVSS score >= 8.0
Connecting to external service...
[DEBUG] Loading configuration...",security
"[DEBUG] Loading configuration...
[INFO] Building project...
com.zaxxer.hikari.pool.HikariPool: HikariPool-1 - Connection is not available, timeout after 30000ms
Running CI pipeline step 1...
Connecting to external service...",infra
"Uploading artifacts to registry...
SonarQube Security Hotspot: SQL Injection vulnerability in UserDao.java:123
[DEBUG] Loading configuration...",security
"[INFO] Building project...
Connecting to external service...
curl: (6) Could not resolve host: maven.example.com
[INFO] Starting Spring Boot application...",infra
"Checkstyle rule violated: MagicNumber at line 42, column 18.
Setting up test environment...
Downloading dependencies...",build
"Setting up test environment...
Uploading artifacts to registry...
SpotBugs found 3 bugs in com.example.UserService
[DEBUG] Loading configuration...
Running CI pipeline step 2...",build
"[INFO] Building project...
[INFO] Starting Spring Boot application...
Mockito: Wanted but not invoked: mockUserRepo.save()",test
"Setting up test environment...
Executing Gradle task...
curl: (6) Could not resolve host: maven.example.com",infra
"[INFO] Building project...
Uploading artifacts to registry...
Running CI pipeline step 1...
Setting up test environment...
FAILURE: Build failed with an exception.
* What went wrong:
Execution failed for task ':compileJava'.",build
"[WARN] Deprecated API usage detected
[INFO] Building project...
docker: Error response from daemon: Conflict. The container name is already in use.
Executing Gradle task...",infra
"Setting up test environment...
FAILURE: Build failed with an exception.
* What went wrong:
Execution failed for task ':compileJava'.
Executing Gradle task...",build
"Running CI pipeline step 8...
Running CI pipeline step 12...
junit.framework.AssertionFailedError: Expected 5 but was 3
Running CI pipeline step 2...",test
"Uploading artifacts to registry...
[DEBUG] Loading configuration...
Setting up test environment...
Connecting to external service...
Mockito: Wanted but not invoked: mockUserRepo.save()",test
"Running CI pipeline step 11...
junit.framework.AssertionFailedError: Expected 5 but was 3
Executing Gradle task...
[INFO] Starting Spring Boot application...",test
"CRITICAL: jackson-databind 2.13.0 - Remote Code Execution via CVE-2022-42003
[INFO] Starting Spring Boot application...
[INFO] Building project...",security
"Connecting to external service...
org.springframework.beans.factory.BeanCreationException: Error creating bean with name 'userService'
Connecting to external service...
Running CI pipeline step 6...",test
"Connecting to external service...
[DEBUG] Loading configuration...
Downloading dependencies...
[ERROR] Tests run: 1, Failures: 1, Errors: 0, Skipped: 0",test
"Running CI pipeline step 2...
java.lang.AssertionError: expected true but was false
  at TestFoo.testBar(TestFoo.java:56)
Setting up test environment...",test
"com.zaxxer.hikari.pool.HikariPool: HikariPool-1 - Connection is not available, timeout after 30000ms
[INFO] Building project...
Uploading artifacts to registry...
Uploading artifacts to registry...
[INFO] Building project...",infra
"FATAL: Connection to database failed: connection refused
[INFO] Starting Spring Boot application...
Uploading artifacts to registry...
Connecting to external service...
[INFO] Starting Spring Boot application...",infra
"[INFO] Starting Spring Boot application...
Downloading dependencies...
Failed to load ApplicationContext for test class com.example.IntegrationTest",test
"[INFO] Building project...
Uploading artifacts to registry...
Downloading dependencies...
Setting up test environment...
Security policy violation: image uses root user. Add USER nonroot to Dockerfile.",security
"Setting up test environment...
Error: ENOSPC: no space left on device, write
[INFO] Building project...",infra
"[INFO] Starting Spring Boot application...
com.zaxxer.hikari.pool.HikariPool: HikariPool-1 - Connection is not available, timeout after 30000ms
[WARN] Deprecated API usage detected
Running CI pipeline step 16...",infra
"Uploading artifacts to registry...
Running CI pipeline step 20...
Connecting to external service...
Failed to load ApplicationContext for test class com.example.IntegrationTest
Connecting to external service...",test
"OWASP dependency-check failed: 5 vulnerabilities exceed configured threshold (CVSS >= 7.0)
Uploading artifacts to registry...
Connecting to external service...",security
"Connecting to external service...
Downloading dependencies...
Executing Gradle task...
> Task :test FAILED
Could not resolve com.h2database:h2:2.2.224
[WARN] Deprecated API usage detected",build
"[WARN] Deprecated API usage detected
Error response from daemon: OOM killer killed your process
Uploading artifacts to registry...
Uploading artifacts to registry...",infra
"[DEBUG] Loading configuration...
Downloading dependencies...
[ERROR] Source option 8 is no longer supported. Use 11 or later.",build
"Error response from daemon: OOM killer killed your process
Uploading artifacts to registry...
Executing Gradle task...
Downloading dependencies...
Running CI pipeline step 7...",infra
"Connecting to external service...
[DEBUG] Loading configuration...
[INFO] Starting Spring Boot application...
java.net.ConnectException: Connection refused (Connection refused)
  at sun.reflect.NativeConstructorAccessorImpl.newInstance0(Native Method)",infra
"[INFO] Starting Spring Boot application...
Uploading artifacts to registry...
curl: (6) Could not resolve host: maven.example.com
[INFO] Starting Spring Boot application...
[INFO] Starting Spring Boot application...",infra
"[INFO] Building project...
Running CI pipeline step 1...
Connecting to external service...
BUILD FAILED in 42s
3 actionable tasks: 1 executed, 2 failed",build
"Connecting to external service...
Executing Gradle task...
FAILED: com.example.api.UserControllerTest - 2 tests FAILED",test
"Setting up test environment...
Setting up test environment...
The runner has disconnected unexpectedly
Downloading dependencies...",unknown
"Setting up test environment...
curl: (6) Could not resolve host: maven.example.com
[INFO] Starting Spring Boot application...",infra
"Connecting to external service...
[INFO] Starting Spring Boot application...
[INFO] Building project...
FATAL: Connection to database failed: connection refused",infra
"FATAL: Connection to database failed: connection refused
Executing Gradle task...
Uploading artifacts to registry...
Executing Gradle task...",infra
"[INFO] Building project...
[INFO] Building project...
ERROR in test setup: @Before method threw exception",test
"Failed to load ApplicationContext for test class com.example.IntegrationTest
[INFO] Starting Spring Boot application...
Uploading artifacts to registry...",test
"Error response from daemon: OOM killer killed your process
Running CI pipeline step 19...
[INFO] Starting Spring Boot application...
Downloading dependencies...
Setting up test environment...",infra
"Checkstyle rule violated: MagicNumber at line 42, column 18.
Setting up test environment...
[INFO] Starting Spring Boot application...
[WARN] Deprecated API usage detected",build
"[WARN] Deprecated API usage detected
[DEBUG] Loading configuration...
Executing Gradle task...
SSL handshake failed: PKIX path building failed: unable to find valid certification path
[INFO] Building project...",infra
"Running CI pipeline step 19...
PMD: Avoid unused private fields such as 'logger'.
Running CI pipeline step 15...
[DEBUG] Loading configuration...",build
"Executing Gradle task...
FAILURE: Build failed with an exception.
* What went wrong:
Execution failed for task ':compileJava'.
[INFO] Starting Spring Boot application...
[WARN] Deprecated API usage detected",build
"[WARN] Deprecated API usage detected
[DEBUG] Loading configuration...
Setting up test environment...
The runner has disconnected unexpectedly",unknown
"Executing Gradle task...
com.zaxxer.hikari.pool.HikariPool: HikariPool-1 - Connection is not available, timeout after 30000ms
[WARN] Deprecated API usage detected
Downloading dependencies...
Connecting to external service...",infra
"[DEBUG] Loading configuration...
Executing Gradle task...
Uploading artifacts to registry...
java.net.ConnectException: Connection refused (Connection refused)
  at sun.reflect.NativeConstructorAccessorImpl.newInstance0(Native Method)",infra
"curl: (6) Could not resolve host: maven.example.com
Executing Gradle task...
Uploading artifacts to registry...
Connecting to external service...",infra
"[INFO] Building project...
Running CI pipeline step 3...
> Task :test FAILED
Could not resolve com.h2database:h2:2.2.224",build
"Connecting to external service...
Compilation failed; see the compiler error output for details.
javac: error: invalid flag: --enable-preview
[WARN] Deprecated API usage detected
[WARN] Deprecated API usage detected",build
"Downloading dependencies...
org.awaitility.core.ConditionTimeoutException: Condition not met within 5 seconds
[DEBUG] Loading configuration...",test
"[DEBUG] Loading configuration...
Could not find artifact org.example:lib:jar:2.0.0 in central
[DEBUG] Loading configuration...
[INFO] Starting Spring Boot application...",build
"[DEBUG] Loading configuration...
Uploading artifacts to registry...
[INFO] Starting Spring Boot application...
Security policy violation: image uses root user. Add USER nonroot to Dockerfile.",security
"Setting up test environment...
Connecting to external service...
Running CI pipeline step 9...
SSL handshake failed: PKIX path building failed: unable to find valid certification path",infra
"[WARN] Deprecated API usage detected
[ERROR] Source option 8 is no longer supported. Use 11 or later.
Running CI pipeline step 7...
Running CI pipeline step 12...",build
"SSL handshake failed: PKIX path building failed: unable to find valid certification path
[WARN] Deprecated API usage detected
Downloading dependencies...
[WARN] Deprecated API usage detected",infra
"[DEBUG] Loading configuration...
[WARN] Deprecated API usage detected
org.awaitility.core.ConditionTimeoutException: Condition not met within 5 seconds
Uploading artifacts to registry...",test
"Setting up test environment...
Downloading dependencies...
org.awaitility.core.ConditionTimeoutException: Condition not met within 5 seconds
Setting up test environment...
[INFO] Starting Spring Boot application...",test
"Connecting to external service...
Error: ENOSPC: no space left on device, write
Connecting to external service...
[INFO] Building project...",infra
"[WARN] Deprecated API usage detected
TestTimedOutException: test timed out after 30000 milliseconds
Running CI pipeline step 13...
[INFO] Starting Spring Boot application...
[INFO] Starting Spring Boot application...",test
"Job exceeded maximum allowed timeout of 3600 seconds
[INFO] Starting Spring Boot application...
[INFO] Starting Spring Boot application...
Running CI pipeline step 11...",infra
"Setting up test environment...
Uploading artifacts to registry...
Unable to acquire JDBC Connection: HikariPool-1 - Connection is not available, request timed out after 30001ms",infra
"[INFO] Building project...
[INFO] Building project...
Secret detected: AWS access key found in config/application.properties
[WARN] Deprecated API usage detected",security
"docker: Error response from daemon: Conflict. The container name is already in use.
Uploading artifacts to registry...
Running CI pipeline step 12...
Running CI pipeline step 1...",infra
"Job exceeded maximum allowed timeout of 3600 seconds
[DEBUG] Loading configuration...
[WARN] Deprecated API usage detected
Executing Gradle task...",infra
"SpotBugs found 3 bugs in com.example.UserService
[WARN] Deprecated API usage detected
Downloading dependencies...
[INFO] Building project...",build
"Downloading dependencies...
[INFO] Building project...
Uploading artifacts to registry...
org.awaitility.core.ConditionTimeoutException: Condition not met within 5 seconds",test
"Executing Gradle task...
org.junit.ComparisonFailure: expected:<Hello [World]> but was:<Hello [there]>
Connecting to external service...",test
"[ERROR] Source option 8 is no longer supported. Use 11 or later.
Connecting to external service...
Uploading artifacts to registry...
[WARN] Deprecated API usage detected
[WARN] Deprecated API usage detected",build
"ERROR: No space left on device (errno=28)
failed to write output file
Setting up test environment...
[INFO] Starting Spring Boot application...
[INFO] Starting Spring Boot application...",infra
"[DEBUG] Loading configuration...
Running CI pipeline step 3...
gitleaks: possible secret in commit abc123: password = 'supersecret123'
[INFO] Building project...",security
"Downloading dependencies...
Tests run: 45, Failures: 3, Errors: 0, Skipped: 2
  FAILED com.example.UserServiceTest.testCreateUser
[INFO] Starting Spring Boot application...",test
"Downloading dependencies...
[WARN] Deprecated API usage detected
[INFO] Starting Spring Boot application...
Downloading dependencies...
Tests run: 45, Failures: 3, Errors: 0, Skipped: 2
  FAILED com.example.UserServiceTest.testCreateUser",test
"Script terminated with non-zero exit status
[DEBUG] Loading configuration...
Running CI pipeline step 4...
Uploading artifacts to registry...",unknown
"Connecting to external service...
java.lang.NullPointerException
  at com.example.service.UserServiceTest.testGetUser(UserServiceTest.java:42)
Setting up test environment...",test
"[WARN] Deprecated API usage detected
curl: (6) Could not resolve host: maven.example.com
Uploading artifacts to registry...
[INFO] Starting Spring Boot application...",infra
"Executing Gradle task...
Uploading artifacts to registry...
Setting up test environment...
junit.framework.AssertionFailedError: Expected 5 but was 3
[WARN] Deprecated API usage detected",test
"[INFO] Building project...
[INFO] Building project...
Connecting to external service...
Tests run: 45, Failures: 3, Errors: 0, Skipped: 2
  FAILED com.example.UserServiceTest.testCreateUser
Downloading dependencies...",test
"org.junit.ComparisonFailure: expected:<Hello [World]> but was:<Hello [there]>
[INFO] Starting Spring Boot application...
[INFO] Starting Spring Boot application...",test
"[INFO] Starting Spring Boot application...
Running CI pipeline step 10...
[WARN] Deprecated API usage detected
An unexpected error occurred during pipeline execution",unknown
"Uploading artifacts to registry...
[ERROR] Source option 8 is no longer supported. Use 11 or later.
Downloading dependencies...
[INFO] Starting Spring Boot application...",build
"[DEBUG] Loading configuration...
Unable to acquire JDBC Connection: HikariPool-1 - Connection is not available, request timed out after 30001ms
Connecting to external service...",infra
"Uploading artifacts to registry...
Executing Gradle task...
[DEBUG] Loading configuration...
ERROR: No space left on device (errno=28)
failed to write output file",infra
"Downloading dependencies...
org.springframework.beans.factory.BeanCreationException: Error creating bean with name 'userService'
Executing Gradle task...
Running CI pipeline step 20...
Executing Gradle task...",test
"ERROR: No space left on device (errno=28)
failed to write output file
[DEBUG] Loading configuration...
Connecting to external service...
Downloading dependencies...
Running CI pipeline step 9...",infra
"[INFO] Building project...
Setting up test environment...
[INFO] Starting Spring Boot application...
Could not find artifact org.example:lib:jar:2.0.0 in central
[INFO] Building project...",build
"[INFO] Building project...
Script terminated with non-zero exit status
[INFO] Building project...
[WARN] Deprecated API usage detected
[INFO] Building project...",unknown
"curl: (6) Could not resolve host: maven.example.com
Uploading artifacts to registry...
Running CI pipeline step 5...
Setting up test environment...",infra
"Executing Gradle task...
[INFO] Starting Spring Boot application...
Mockito: Wanted but not invoked: mockUserRepo.save()
Downloading dependencies...",test
"Uploading artifacts to registry...
Compilation failed; see the compiler error output for details.
javac: error: invalid flag: --enable-preview
[INFO] Starting Spring Boot application...
Executing Gradle task...
[INFO] Building project...",build
"java.lang.NullPointerException
  at com.example.service.UserServiceTest.testGetUser(UserServiceTest.java:42)
Connecting to external service...
[WARN] Deprecated API usage detected",test
"An unexpected error occurred during pipeline execution
Connecting to external service...
Connecting to external service...
[INFO] Starting Spring Boot application...
Executing Gradle task...",unknown
"[WARN] Deprecated API usage detected
CRITICAL: jackson-databind 2.13.0 - Remote Code Execution via CVE-2022-42003
[DEBUG] Loading configuration...",security
"[DEBUG] Loading configuration...
Gradle build daemon disappeared unexpectedly
Running CI pipeline step 1...",build
"[INFO] Building project...
fatal error: OOM at gc/mark_termination.go:1234
[DEBUG] Loading configuration...",infra
"[INFO] Building project...
Connecting to external service...
[DEBUG] Loading configuration...
error: method does not override or implement a method from a supertype
  @Override
[INFO] Starting Spring Boot application...",build
"[WARN] Deprecated API usage detected
[INFO] Building project...
com.zaxxer.hikari.pool.HikariPool: HikariPool-1 - Connection is not available, timeout after 30000ms",infra
"[WARN] Deprecated API usage detected
SSL handshake failed: PKIX path building failed: unable to find valid certification path
Running CI pipeline step 3...",infra
"Running CI pipeline step 10...
Uploading artifacts to registry...
ERROR: No space left on device (errno=28)
failed to write output file",infra
"error: method does not override or implement a method from a supertype
  @Override
[DEBUG] Loading configuration...
Downloading dependencies...
Executing Gradle task...
Executing Gradle task...",build
"[WARN] Deprecated API usage detected
[INFO] Building project...
[ERROR] BUILD FAILURE
[ERROR] Failed to execute goal org.apache.maven.plugins:maven-compiler-plugin:3.11:compile
[DEBUG] Loading configuration...
Uploading artifacts to registry...",build
"Downloading dependencies...
curl: (6) Could not resolve host: maven.example.com
Executing Gradle task...
[WARN] Deprecated API usage detected",infra
"Executing Gradle task...
FATAL: Connection to database failed: connection refused
Uploading artifacts to registry...",infra
"org.awaitility.core.ConditionTimeoutException: Condition not met within 5 seconds
Downloading dependencies...
Executing Gradle task...",test
"Tests run: 45, Failures: 3, Errors: 0, Skipped: 2
  FAILED com.example.UserServiceTest.testCreateUser
Uploading artifacts to registry...
Downloading dependencies...",test
"Executing Gradle task...
Connecting to external service...
[DEBUG] Loading configuration...
[DEBUG] Loading configuration...
CRITICAL: jackson-databind 2.13.0 - Remote Code Execution via CVE-2022-42003",security
"Downloading dependencies...
[WARN] Deprecated API usage detected
java.lang.OutOfMemoryError: Java heap space
  at java.util.Arrays.copyOf(Arrays.java:3210)",infra
"Connecting to external service...
[INFO] Starting Spring Boot application...
Executing Gradle task...
[INFO] Starting Spring Boot application...
CRITICAL: jackson-databind 2.13.0 - Remote Code Execution via CVE-2022-42003",security
"Connecting to external service...
Connecting to external service...
Executing Gradle task...
[ERROR] Source option 8 is no longer supported. Use 11 or later.
Downloading dependencies...",build
"Uploading artifacts to registry...
[INFO] Building project...
org.awaitility.core.ConditionTimeoutException: Condition not met within 5 seconds
[DEBUG] Loading configuration...",test
"Mockito: Wanted but not invoked: mockUserRepo.save()
[WARN] Deprecated API usage detected
Downloading dependencies...
[INFO] Building project...
[INFO] Building project...",test
"Uploading artifacts to registry...
Could not find artifact org.example:lib:jar:2.0.0 in central
[WARN] Deprecated API usage detected",build
"Could not resolve all dependencies for configuration ':compileClasspath'.
> Could not find com.example:missing-lib:1.0
[DEBUG] Loading configuration...
Connecting to external service...
Executing Gradle task...
[INFO] Building project...",build
"[DEBUG] Loading configuration...
Uploading artifacts to registry...
[ERROR] Source option 8 is no longer supported. Use 11 or later.
[INFO] Starting Spring Boot application...",build
"[WARN] Deprecated API usage detected
Running CI pipeline step 8...
An unexpected error occurred during pipeline execution
[INFO] Starting Spring Boot application...",unknown
"[DEBUG] Loading configuration...
Setting up test environment...
java.net.ConnectException: Connection refused (Connection refused)
  at sun.reflect.NativeConstructorAccessorImpl.newInstance0(Native Method)
Downloading dependencies...",infra
"Uploading artifacts to registry...
Running CI pipeline step 1...
Could not resolve all dependencies for configuration ':compileClasspath'.
> Could not find com.example:missing-lib:1.0
[WARN] Deprecated API usage detected
Setting up test environment...",build
"[DEBUG] Loading configuration...
error: package jakarta.validation does not exist
Uploading artifacts to registry...
Uploading artifacts to registry...
Executing Gradle task...",build
"[WARN] Deprecated API usage detected
Could not resolve all dependencies for configuration ':compileClasspath'.
> Could not find com.example:missing-lib:1.0
Uploading artifacts to registry...",build
"[ERROR] Tests run: 1, Failures: 1, Errors: 0, Skipped: 0
Executing Gradle task...
[INFO] Building project...
Connecting to external service...",test
"[INFO] Building project...
java.net.ConnectException: Connection refused (Connection refused)
  at sun.reflect.NativeConstructorAccessorImpl.newInstance0(Native Method)
Uploading artifacts to registry...
Executing Gradle task...
Setting up test environment...",infra
"[INFO] Building project...
[INFO] Building project...
Executing Gradle task...
org.awaitility.core.ConditionTimeoutException: Condition not met within 5 seconds",test
"Uploading artifacts to registry...
[INFO] Building project...
[ERROR] Tests run: 1, Failures: 1, Errors: 0, Skipped: 0",test
"[INFO] Starting Spring Boot application...
java.net.ConnectException: Connection refused (Connection refused)
  at sun.reflect.NativeConstructorAccessorImpl.newInstance0(Native Method)
Connecting to external service...
[INFO] Starting Spring Boot application...",infra
"Unable to acquire JDBC Connection: HikariPool-1 - Connection is not available, request timed out after 30001ms
Uploading artifacts to registry...
[INFO] Starting Spring Boot application...",infra
"[INFO] Starting Spring Boot application...
Secret detected: AWS access key found in config/application.properties
Connecting to external service...
[INFO] Starting Spring Boot application...",security
"BUILD FAILED in 42s
3 actionable tasks: 1 executed, 2 failed
[INFO] Starting Spring Boot application...
Connecting to external service...",build
"Downloading dependencies...
Tests run: 45, Failures: 3, Errors: 0, Skipped: 2
  FAILED com.example.UserServiceTest.testCreateUser
[INFO] Starting Spring Boot application...",test
"Uploading artifacts to registry...
Tests run: 45, Failures: 3, Errors: 0, Skipped: 2
  FAILED com.example.UserServiceTest.testCreateUser
Downloading dependencies...
Executing Gradle task...",test
"Setting up test environment...
[DEBUG] Loading configuration...
Process exited with code 1
The process '/bin/bash' exited with code 1",unknown
"Downloading dependencies...
Tests run: 45, Failures: 3, Errors: 0, Skipped: 2
  FAILED com.example.UserServiceTest.testCreateUser
Uploading artifacts to registry...
Uploading artifacts to registry...
[INFO] Starting Spring Boot application...",test
"Connecting to external service...
java.lang.AssertionError: expected:<200> but was:<500>
  at org.junit.Assert.fail(Assert.java:88)
Uploading artifacts to registry...
Downloading dependencies...
Setting up test environment...",test
"[WARN] Deprecated API usage detected
docker: Error response from daemon: Conflict. The container name is already in use.
Executing Gradle task...
Downloading dependencies...
Running CI pipeline step 5...",infra
"[WARN] Deprecated API usage detected
Executing Gradle task...
java.lang.AssertionError: expected true but was false
  at TestFoo.testBar(TestFoo.java:56)
Executing Gradle task...",test
"curl: (6) Could not resolve host: maven.example.com
[INFO] Building project...
Connecting to external service...
[DEBUG] Loading configuration...
Executing Gradle task...",infra
"Downloading dependencies...
Connecting to external service...
dependency-check: FAIL - 3 dependencies with CVSS score >= 8.0",security
"Mockito: Wanted but not invoked: mockUserRepo.save()
Connecting to external service...
Executing Gradle task...
Downloading dependencies...",test
"FAILURE: Build failed with an exception.
* What went wrong:
Execution failed for task ':compileJava'.
Executing Gradle task...
Running CI pipeline step 20...",build
"Running CI pipeline step 1...
Executing Gradle task...
PMD: Avoid unused private fields such as 'logger'.",build
"Running CI pipeline step 5...
[WARN] Deprecated API usage detected
ERROR: No space left on device (errno=28)
failed to write output file
[INFO] Building project...",infra
"Connecting to external service...
[WARN] Deprecated API usage detected
error: method does not override or implement a method from a supertype
  @Override
Setting up test environment...",build
"FAILED: com.example.api.UserControllerTest - 2 tests FAILED
[WARN] Deprecated API usage detected
Connecting to external service...",test
"Uploading artifacts to registry...
[INFO] Building project...
Trivy scan found 3 CRITICAL and 7 HIGH vulnerabilities in openjdk:17-alpine base image",security
"Running CI pipeline step 18...
Downloading dependencies...
[INFO] Building project...
[ERROR] Source option 8 is no longer supported. Use 11 or later.
Executing Gradle task...",build
"Downloading dependencies...
Downloading dependencies...
junit.framework.AssertionFailedError: Expected 5 but was 3
[INFO] Building project...",test
"[DEBUG] Loading configuration...
java.lang.NullPointerException
  at com.example.service.UserServiceTest.testGetUser(UserServiceTest.java:42)
Executing Gradle task...",test
"Downloading dependencies...
dependency-check: FAIL - 3 dependencies with CVSS score >= 8.0
Executing Gradle task...
Running CI pipeline step 19...
Running CI pipeline step 19...",security
"Running CI pipeline step 12...
ERROR in test setup: @Before method threw exception
[INFO] Building project...
[WARN] Deprecated API usage detected",test
"Downloading dependencies...
[INFO] Starting Spring Boot application...
Setting up test environment...
Error: ENOSPC: no space left on device, write",infra
"Connecting to external service...
junit.framework.AssertionFailedError: Expected 5 but was 3
Downloading dependencies...",test
"ERROR in test setup: @Before method threw exception
Setting up test environment...
Connecting to external service...
[INFO] Starting Spring Boot application...
Downloading dependencies...",test
"Executing Gradle task...
error: package jakarta.validation does not exist
[DEBUG] Loading configuration...
Executing Gradle task...
[INFO] Starting Spring Boot application...",build
"fatal error: OOM at gc/mark_termination.go:1234
Executing Gradle task...
[INFO] Starting Spring Boot application...
Downloading dependencies...",infra
"Uploading artifacts to registry...
Uploading artifacts to registry...
curl: (6) Could not resolve host: maven.example.com
[DEBUG] Loading configuration...
[INFO] Starting Spring Boot application...",infra
"Running CI pipeline step 14...
Uploading artifacts to registry...
error: cannot find symbol
  class UserRepository
  location: package com.example.repository
Connecting to external service...
Running CI pipeline step 18...",build
"[WARN] Deprecated API usage detected
FAILURE: Build failed with an exception.
* What went wrong:
Execution failed for task ':compileJava'.
[DEBUG] Loading configuration...
[WARN] Deprecated API usage detected
Setting up test environment...",build
"Running CI pipeline step 15...
Downloading dependencies...
[WARN] Deprecated API usage detected
Setting up test environment...
FAILED: com.example.api.UserControllerTest - 2 tests FAILED",test
"[INFO] Starting Spring Boot application...
[INFO] Starting Spring Boot application...
[INFO] Building project...
Connecting to external service...
dependency-check: FAIL - 3 dependencies with CVSS score >= 8.0",security
"Connecting to external service...
[ERROR] Source option 8 is no longer supported. Use 11 or later.
[INFO] Starting Spring Boot application...",build
"[INFO] Starting Spring Boot application...
[INFO] Starting Spring Boot application...
Tests run: 45, Failures: 3, Errors: 0, Skipped: 2
  FAILED com.example.UserServiceTest.testCreateUser
Setting up test environment...
[DEBUG] Loading configuration...",test
"Setting up test environment...
Connecting to external service...
Running CI pipeline step 7...
fatal error: OOM at gc/mark_termination.go:1234",infra
"java.net.ConnectException: Connection refused (Connection refused)
  at sun.reflect.NativeConstructorAccessorImpl.newInstance0(Native Method)
Executing Gradle task...
[INFO] Starting Spring Boot application...
[WARN] Deprecated API usage detected",infra
"Script terminated with non-zero exit status
Running CI pipeline step 17...
Connecting to external service...",unknown
"Security policy violation: image uses root user. Add USER nonroot to Dockerfile.
[INFO] Starting Spring Boot application...
[DEBUG] Loading configuration...
[INFO] Building project...
Setting up test environment...",security
"BUILD FAILED in 42s
3 actionable tasks: 1 executed, 2 failed
[INFO] Building project...
Downloading dependencies...",build
"Executing Gradle task...
Uploading artifacts to registry...
TestTimedOutException: test timed out after 30000 milliseconds",test
"Downloading dependencies...
TestTimedOutException: test timed out after 30000 milliseconds
[WARN] Deprecated API usage detected
[INFO] Starting Spring Boot application...
Executing Gradle task...",test
"Connecting to external service...
error: cannot find symbol
  class UserRepository
  location: package com.example.repository
[INFO] Starting Spring Boot application...",build
"[INFO] Starting Spring Boot application...
[WARN] Deprecated API usage detected
Connecting to external service...
Unable to acquire JDBC Connection: HikariPool-1 - Connection is not available, request timed out after 30001ms",infra
"[DEBUG] Loading configuration...
java.lang.AssertionError: expected true but was false
  at TestFoo.testBar(TestFoo.java:56)
[DEBUG] Loading configuration...",test
"[INFO] Building project...
Failed to load ApplicationContext for test class com.example.IntegrationTest
Executing Gradle task...
Uploading artifacts to registry...",test
"Executing Gradle task...
Executing Gradle task...
Could not find artifact org.example:lib:jar:2.0.0 in central
Downloading dependencies...
[INFO] Starting Spring Boot application...",build
"SpotBugs found 3 bugs in com.example.UserService
Running CI pipeline step 10...
Executing Gradle task...",build
"Executing Gradle task...
java.lang.AssertionError: expected true but was false
  at TestFoo.testBar(TestFoo.java:56)
Executing Gradle task...
[DEBUG] Loading configuration...
Downloading dependencies...",test
"Running CI pipeline step 16...
Executing Gradle task...
Running CI pipeline step 6...
error: cannot find symbol
  class UserRepository
  location: package com.example.repository",build
"Error: ENOSPC: no space left on device, write
Connecting to external service...
[DEBUG] Loading configuration...",infra
"Connecting to external service...
Connecting to external service...
[DEBUG] Loading configuration...
AssertionError: 404 != 200
Running CI pipeline step 19...",test
"[INFO] Building project...
Trivy scan found 3 CRITICAL and 7 HIGH vulnerabilities in openjdk:17-alpine base image
Running CI pipeline step 20...
Uploading artifacts to registry...",security
"[DEBUG] Loading configuration...
[DEBUG] Loading configuration...
Executing Gradle task...
Connecting to external service...
The runner has disconnected unexpectedly",unknown
"[DEBUG] Loading configuration...
Uploading artifacts to registry...
> Task :test FAILED
Could not resolve com.h2database:h2:2.2.224",build
"java.lang.NullPointerException
  at com.example.service.UserServiceTest.testGetUser(UserServiceTest.java:42)
Downloading dependencies...
[INFO] Building project...
Executing Gradle task...",test
"Compilation failed; see the compiler error output for details.
javac: error: invalid flag: --enable-preview
[INFO] Starting Spring Boot application...
[INFO] Building project...",build
"[INFO] Building project...
[DEBUG] Loading configuration...
Job exceeded maximum allowed timeout of 3600 seconds",infra
"Compilation failed; see the compiler error output for details.
javac: error: invalid flag: --enable-preview
Running CI pipeline step 2...
[DEBUG] Loading configuration...
Downloading dependencies...
[DEBUG] Loading configuration...",build
"[INFO] Starting Spring Boot application...
org.springframework.beans.factory.BeanCreationException: Error creating bean with name 'userService'
Uploading artifacts to registry...",test
"[INFO] Building project...
Setting up test environment...
error: package jakarta.validation does not exist",build
"Running CI pipeline step 20...
PMD: Avoid unused private fields such as 'logger'.
[INFO] Building project...
Running CI pipeline step 14...
[INFO] Building project...",build
"Setting up test environment...
FATAL: Connection to database failed: connection refused
Executing Gradle task...
Executing Gradle task...
Connecting to external service...",infra
"[INFO] Starting Spring Boot application...
[WARN] Deprecated API usage detected
Downloading dependencies...
docker: Error response from daemon: Conflict. The container name is already in use.",infra
"[DEBUG] Loading configuration...
Connecting to external service...
FATAL: Connection to database failed: connection refused
Uploading artifacts to registry...",infra
"Executing Gradle task...
Unable to acquire JDBC Connection: HikariPool-1 - Connection is not available, request timed out after 30001ms
Executing Gradle task...",infra
"CRITICAL: jackson-databind 2.13.0 - Remote Code Execution via CVE-2022-42003
[INFO] Building project...
Setting up test environment...
Uploading artifacts to registry...
[DEBUG] Loading configuration...",security
"Running CI pipeline step 1...
FATAL: Connection to database failed: connection refused
Downloading dependencies...
Uploading artifacts to registry...
[DEBUG] Loading configuration...",infra
"Connecting to external service...
[DEBUG] Loading configuration...
[WARN] Deprecated API usage detected
docker: Error response from daemon: Conflict. The container name is already in use.",infra
"Uploading artifacts to registry...
[INFO] Building project...
Failed to load ApplicationContext for test class com.example.IntegrationTest
Connecting to external service...
[DEBUG] Loading configuration...",test
"error: method does not override or implement a method from a supertype
  @Override
Running CI pipeline step 13...
Uploading artifacts to registry...
Running CI pipeline step 19...
Uploading artifacts to registry...",build
"Script terminated with non-zero exit status
[DEBUG] Loading configuration...
Running CI pipeline step 4...
Setting up test environment...",unknown
"Downloading dependencies...
Executing Gradle task...
Uploading artifacts to registry...
SSL handshake failed: PKIX path building failed: unable to find valid certification path
Uploading artifacts to registry...",infra
"Downloading dependencies...
Checkstyle rule violated: MagicNumber at line 42, column 18.
Executing Gradle task...
Setting up test environment...",build
"Uploading artifacts to registry...
[ERROR] BUILD FAILURE
[ERROR] Failed to execute goal org.apache.maven.plugins:maven-compiler-plugin:3.11:compile
Running CI pipeline step 6...
Running CI pipeline step 18...",build
"Job exceeded maximum allowed timeout of 3600 seconds
Running CI pipeline step 14...
Downloading dependencies...",infra
"[WARN] Deprecated API usage detected
Executing Gradle task...
FAILURE: Build failed with an exception.
* What went wrong:
Execution failed for task ':compileJava'.
[INFO] Building project...
[DEBUG] Loading configuration...",build
"Uploading artifacts to registry...
java.lang.OutOfMemoryError: Java heap space
  at java.util.Arrays.copyOf(Arrays.java:3210)
[INFO] Building project...
Uploading artifacts to registry...",infra
"Connecting to external service...
[INFO] Building project...
[DEBUG] Loading configuration...
SpotBugs found 3 bugs in com.example.UserService
Uploading artifacts to registry...",build
"Downloading dependencies...
[DEBUG] Loading configuration...
Gradle build daemon disappeared unexpectedly",build
"Could not find artifact org.example:lib:jar:2.0.0 in central
Uploading artifacts to registry...
[INFO] Building project...
Downloading dependencies...
Executing Gradle task...",build
"[WARN] Deprecated API usage detected
[INFO] Building project...
Trivy scan found 3 CRITICAL and 7 HIGH vulnerabilities in openjdk:17-alpine base image",security
"dependency-check: FAIL - 3 dependencies with CVSS score >= 8.0
Connecting to external service...
Setting up test environment...",security
"Uploading artifacts to registry...
[INFO] Building project...
Downloading dependencies...
FAILURE: Build failed with an exception.
* What went wrong:
Execution failed for task ':compileJava'.
Connecting to external service...",build
"[WARN] Deprecated API usage detected
java.lang.AssertionError: expected:<200> but was:<500>
  at org.junit.Assert.fail(Assert.java:88)
Running CI pipeline step 3...
[DEBUG] Loading configuration...
[INFO] Starting Spring Boot application...",test
"Running CI pipeline step 5...
Compilation failed; see the compiler error output for details.
javac: error: invalid flag: --enable-preview
Executing Gradle task...
Executing Gradle task...",build
"Uploading artifacts to registry...
[WARN] Deprecated API usage detected
junit.framework.AssertionFailedError: Expected 5 but was 3
Executing Gradle task...",test
"java.lang.OutOfMemoryError: Java heap space
  at java.util.Arrays.copyOf(Arrays.java:3210)
Setting up test environment...
Executing Gradle task...
Running CI pipeline step 5...
Executing Gradle task...",infra
"Job exceeded maximum allowed timeout of 3600 seconds
Executing Gradle task...
Running CI pipeline step 19...",infra
"Executing Gradle task...
Running CI pipeline step 3...
Downloading dependencies...
[INFO] Starting Spring Boot application...
FATAL: Connection to database failed: connection refused",infra
"error: method does not override or implement a method from a supertype
  @Override
[WARN] Deprecated API usage detected
[INFO] Building project...
Downloading dependencies...
Downloading dependencies...",build
"[INFO] Building project...
PMD: Avoid unused private fields such as 'logger'.
Uploading artifacts to registry...",build
"SSL handshake failed: PKIX path building failed: unable to find valid certification path
Setting up test environment...
Uploading artifacts to registry...",infra
"BUILD FAILED in 42s
3 actionable tasks: 1 executed, 2 failed
[DEBUG] Loading configuration...
Running CI pipeline step 3...",build
"dependency-check: FAIL - 3 dependencies with CVSS score >= 8.0
Uploading artifacts to registry...
Uploading artifacts to registry...",security
"SSL handshake failed: PKIX path building failed: unable to find valid certification path
Setting up test environment...
[INFO] Building project...
Downloading dependencies...",infra
"[DEBUG] Loading configuration...
SSL handshake failed: PKIX path building failed: unable to find valid certification path
Running CI pipeline step 16...
Uploading artifacts to registry...
Executing Gradle task...",infra
"Tests run: 45, Failures: 3, Errors: 0, Skipped: 2
  FAILED com.example.UserServiceTest.testCreateUser
Setting up test environment...
[INFO] Building project...",test
"Process exited with code 1
The process '/bin/bash' exited with code 1
Setting up test environment...
Running CI pipeline step 4...
Executing Gradle task...",unknown
"Running CI pipeline step 14...
SpotBugs found 3 bugs in com.example.UserService
Setting up test environment...
Running CI pipeline step 15...",build
"Error: ENOSPC: no space left on device, write
[WARN] Deprecated API usage detected
[INFO] Building project...",infra
"curl: (6) Could not resolve host: maven.example.com
[DEBUG] Loading configuration...
[WARN] Deprecated API usage detected
Executing Gradle task...
Uploading artifacts to registry...",infra
"Executing Gradle task...
error: cannot find symbol
  class UserRepository
  location: package com.example.repository
Running CI pipeline step 10...",build
"Connecting to external service...
FAILURE: Build failed with an exception.
* What went wrong:
Execution failed for task ':compileJava'.
[WARN] Deprecated API usage detected
Downloading dependencies...
Uploading artifacts to registry...",build
"[DEBUG] Loading configuration...
[WARN] Deprecated API usage detected
Connecting to external service...
[INFO] Starting Spring Boot application...
[ERROR] BUILD FAILURE
[ERROR] Failed to execute goal org.apache.maven.plugins:maven-compiler-plugin:3.11:compile",build
"Executing Gradle task...
Connecting to external service...
Secret detected: AWS access key found in config/application.properties
Running CI pipeline step 14...",security
"Job exceeded maximum allowed timeout of 3600 seconds
[INFO] Starting Spring Boot application...
[INFO] Starting Spring Boot application...",infra
"[INFO] Starting Spring Boot application...
Could not find artifact org.example:lib:jar:2.0.0 in central
[INFO] Starting Spring Boot application...",build
"Connecting to external service...
Executing Gradle task...
error: exit status 2
[DEBUG] Loading configuration...",unknown
"[WARN] Deprecated API usage detected
[INFO] Building project...
[INFO] Starting Spring Boot application...
> Task :test FAILED
Could not resolve com.h2database:h2:2.2.224",build
"An unexpected error occurred during pipeline execution
Setting up test environment...
[WARN] Deprecated API usage detected
[INFO] Starting Spring Boot application...
Executing Gradle task...",unknown
"Could not resolve host: registry.example.com: Name or service not known
[INFO] Starting Spring Boot application...
Running CI pipeline step 17...",infra
"Could not resolve host: registry.example.com: Name or service not known
Downloading dependencies...
Running CI pipeline step 6...",infra
"CVE-2024-12345: Critical vulnerability found in log4j-core:2.14.1 (CVSS 9.8)
Connecting to external service...
[DEBUG] Loading configuration...",security
"Running CI pipeline step 20...
[INFO] Starting Spring Boot application...
Process exited with code 1
The process '/bin/bash' exited with code 1
Setting up test environment...
Running CI pipeline step 18...",unknown
"[WARN] Deprecated API usage detected
Setting up test environment...
Process exited with code 1
The process '/bin/bash' exited with code 1
Running CI pipeline step 6...
Setting up test environment...",unknown
"ERROR: No space left on device (errno=28)
failed to write output file
[WARN] Deprecated API usage detected
Setting up test environment...",infra
"[INFO] Building project...
Cannot connect to the Docker daemon at unix:///var/run/docker.sock. Is the docker daemon running?
[WARN] Deprecated API usage detected
[INFO] Starting Spring Boot application...",infra
"Gradle build daemon disappeared unexpectedly
Uploading artifacts to registry...
[INFO] Starting Spring Boot application...
Downloading dependencies...
[INFO] Starting Spring Boot application...",build
"Running CI pipeline step 12...
[WARN] Deprecated API usage detected
Executing Gradle task...
Failed to load ApplicationContext for test class com.example.IntegrationTest
[INFO] Building project...",test
"Connecting to external service...
Unable to acquire JDBC Connection: HikariPool-1 - Connection is not available, request timed out after 30001ms
Uploading artifacts to registry...
Executing Gradle task...
Setting up test environment...",infra
"Uploading artifacts to registry...
TestTimedOutException: test timed out after 30000 milliseconds
Connecting to external service...
Downloading dependencies...
[DEBUG] Loading configuration...",test
"Connecting to external service...
TestTimedOutException: test timed out after 30000 milliseconds
Executing Gradle task...
Connecting to external service...",test
"Setting up test environment...
[DEBUG] Loading configuration...
Setting up test environment...
org.junit.ComparisonFailure: expected:<Hello [World]> but was:<Hello [there]>
[INFO] Starting Spring Boot application...",test
"Executing Gradle task...
error: cannot find symbol
  class UserRepository
  location: package com.example.repository
Executing Gradle task...",build
"error: method does not override or implement a method from a supertype
  @Override
[WARN] Deprecated API usage detected
[INFO] Starting Spring Boot application...
[INFO] Building project...",build
"[DEBUG] Loading configuration...
[WARN] Deprecated API usage detected
SpotBugs found 3 bugs in com.example.UserService
Running CI pipeline step 5...
Connecting to external service...",build
"Uploading artifacts to registry...
Setting up test environment...
> Task :test FAILED
Could not resolve com.h2database:h2:2.2.224",build
"Connecting to external service...
PMD: Avoid unused private fields such as 'logger'.
[INFO] Starting Spring Boot application...
Running CI pipeline step 15...",build
"Could not resolve all dependencies for configuration ':compileClasspath'.
> Could not find com.example:missing-lib:1.0
Connecting to external service...
Uploading artifacts to registry...
[INFO] Starting Spring Boot application...
Uploading artifacts to registry...",build
"[INFO] Building project...
Setting up test environment...
error: cannot find symbol
  class UserRepository
  location: package com.example.repository
Setting up test environment...
Uploading artifacts to registry...",build
"Executing Gradle task...
Downloading dependencies...
Connecting to external service...
java.net.ConnectException: Connection refused (Connection refused)
  at sun.reflect.NativeConstructorAccessorImpl.newInstance0(Native Method)
Setting up test environment...",infra
"Executing Gradle task...
ERROR in test setup: @Before method threw exception
[DEBUG] Loading configuration...
Connecting to external service...",test
"[INFO] Building project...
[ERROR] Source option 8 is no longer supported. Use 11 or later.
[INFO] Starting Spring Boot application...",build
"Process exited with code 1
The process '/bin/bash' exited with code 1
Uploading artifacts to registry...
[INFO] Building project...
[WARN] Deprecated API usage detected",unknown
"Running CI pipeline step 9...
Mockito: Wanted but not invoked: mockUserRepo.save()
Running CI pipeline step 9...
Executing Gradle task...",test
"[WARN] Deprecated API usage detected
[WARN] Deprecated API usage detected
junit.framework.AssertionFailedError: Expected 5 but was 3",test
"Compilation failed; see the compiler error output for details.
javac: error: invalid flag: --enable-preview
Downloading dependencies...
Setting up test environment...
Downloading dependencies...
Downloading dependencies...",build
"Setting up test environment...
[INFO] Building project...
curl: (6) Could not resolve host: maven.example.com
Running CI pipeline step 8...",infra
"Running CI pipeline step 11...
PMD: Avoid unused private fields such as 'logger'.
[INFO] Starting Spring Boot application...
[DEBUG] Loading configuration...",build
"[INFO] Starting Spring Boot application...
Setting up test environment...
Failed to load ApplicationContext for test class com.example.IntegrationTest
[WARN] Deprecated API usage detected
Setting up test environment...",test
"[WARN] Deprecated API usage detected
java.lang.OutOfMemoryError: Java heap space
  at java.util.Arrays.copyOf(Arrays.java:3210)
Downloading dependencies...
[WARN] Deprecated API usage detected",infra
"Uploading artifacts to registry...
Error response from daemon: OOM killer killed your process
Downloading dependencies...
[DEBUG] Loading configuration...
[INFO] Building project...",infra
"Uploading artifacts to registry...
Script terminated with non-zero exit status
Downloading dependencies...
Downloading dependencies...",unknown
"Uploading artifacts to registry...
Downloading dependencies...
[INFO] Building project...
java.lang.OutOfMemoryError: Java heap space
  at java.util.Arrays.copyOf(Arrays.java:3210)",infra
"[DEBUG] Loading configuration...
[INFO] Building project...
[ERROR] Tests run: 1, Failures: 1, Errors: 0, Skipped: 0",test
"Uploading artifacts to registry...
Connecting to external service...
java.lang.NullPointerException
  at com.example.service.UserServiceTest.testGetUser(UserServiceTest.java:42)
Uploading artifacts to registry...",test
"Running CI pipeline step 10...
FATAL: Connection to database failed: connection refused
Setting up test environment...
[DEBUG] Loading configuration...
[INFO] Building project...",infra
"Uploading artifacts to registry...
Uploading artifacts to registry...
Executing Gradle task...
curl: (6) Could not resolve host: maven.example.com",infra
"[INFO] Starting Spring Boot application...
Downloading dependencies...
[INFO] Starting Spring Boot application...
org.springframework.beans.factory.BeanCreationException: Error creating bean with name 'userService'
Uploading artifacts to registry...",test
"FAILURE: Build failed with an exception.
* What went wrong:
Execution failed for task ':compileJava'.
Connecting to external service...
[INFO] Starting Spring Boot application...",build
"Downloading dependencies...
SpotBugs found 3 bugs in com.example.UserService
Connecting to external service...
Uploading artifacts to registry...",build
"Secret detected: AWS access key found in config/application.properties
Executing Gradle task...
Executing Gradle task...
Uploading artifacts to registry...",security
"[WARN] Deprecated API usage detected
Setting up test environment...
[INFO] Starting Spring Boot application...
BUILD FAILED in 42s
3 actionable tasks: 1 executed, 2 failed",build
"Running CI pipeline step 17...
Executing Gradle task...
TestTimedOutException: test timed out after 30000 milliseconds
[INFO] Starting Spring Boot application...
Downloading dependencies...",test
"Downloading dependencies...
Could not resolve all dependencies for configuration ':compileClasspath'.
> Could not find com.example:missing-lib:1.0
Running CI pipeline step 13...
[INFO] Building project...
Executing Gradle task...",build
"Executing Gradle task...
Uploading artifacts to registry...
[INFO] Building project...
Connecting to external service...
[ERROR] BUILD FAILURE
[ERROR] Failed to execute goal org.apache.maven.plugins:maven-compiler-plugin:3.11:compile",build
"[WARN] Deprecated API usage detected
Executing Gradle task...
java.lang.AssertionError: expected true but was false
  at TestFoo.testBar(TestFoo.java:56)
[INFO] Starting Spring Boot application...
Uploading artifacts to registry...",test
"[INFO] Starting Spring Boot application...
Running CI pipeline step 13...
org.awaitility.core.ConditionTimeoutException: Condition not met within 5 seconds",test
"[INFO] Building project...
SSL handshake failed: PKIX path building failed: unable to find valid certification path
Connecting to external service...
Connecting to external service...",infra
"Executing Gradle task...
fatal error: OOM at gc/mark_termination.go:1234
Downloading dependencies...
[INFO] Starting Spring Boot application...",infra
"[INFO] Starting Spring Boot application...
TestTimedOutException: test timed out after 30000 milliseconds
Setting up test environment...
[INFO] Starting Spring Boot application...
[INFO] Building project...",test
"Failed to load ApplicationContext for test class com.example.IntegrationTest
Running CI pipeline step 4...
[WARN] Deprecated API usage detected",test
"Downloading dependencies...
curl: (6) Could not resolve host: maven.example.com
Uploading artifacts to registry...",infra
"Uploading artifacts to registry...
Connecting to external service...
FAILURE: Build failed with an exception.
* What went wrong:
Execution failed for task ':compileJava'.
Setting up test environment...
[WARN] Deprecated API usage detected",build
"Could not resolve host: registry.example.com: Name or service not known
[INFO] Building project...
Downloading dependencies...
Executing Gradle task...
[WARN] Deprecated API usage detected",infra
"Downloading dependencies...
Executing Gradle task...
Checkstyle rule violated: MagicNumber at line 42, column 18.",build
"[WARN] Deprecated API usage detected
Could not resolve all dependencies for configuration ':compileClasspath'.
> Could not find com.example:missing-lib:1.0
[INFO] Starting Spring Boot application...
Setting up test environment...",build
"Security policy violation: image uses root user. Add USER nonroot to Dockerfile.
Setting up test environment...
[WARN] Deprecated API usage detected
Connecting to external service...",security
"junit.framework.AssertionFailedError: Expected 5 but was 3
Downloading dependencies...
Uploading artifacts to registry...",test
"[INFO] Building project...
Secret detected: AWS access key found in config/application.properties
[WARN] Deprecated API usage detected
Running CI pipeline step 18...
Setting up test environment...",security
"Setting up test environment...
[INFO] Starting Spring Boot application...
Downloading dependencies...
Security policy violation: image uses root user. Add USER nonroot to Dockerfile.
Setting up test environment...",security
"BUILD FAILED in 42s
3 actionable tasks: 1 executed, 2 failed
[WARN] Deprecated API usage detected
Running CI pipeline step 2...",build
"[INFO] Building project...
[INFO] Starting Spring Boot application...
Mockito: Wanted but not invoked: mockUserRepo.save()
[WARN] Deprecated API usage detected",test
"[INFO] Building project...
AssertionError: 404 != 200
[WARN] Deprecated API usage detected
[INFO] Building project...
Executing Gradle task...",test
"Setting up test environment...
Could not resolve all dependencies for configuration ':compileClasspath'.
> Could not find com.example:missing-lib:1.0
[WARN] Deprecated API usage detected
[INFO] Starting Spring Boot application...
[DEBUG] Loading configuration...",build
"Running CI pipeline step 3...
[DEBUG] Loading configuration...
[ERROR] Tests run: 1, Failures: 1, Errors: 0, Skipped: 0",test
"Running CI pipeline step 4...
java.lang.AssertionError: expected:<200> but was:<500>
  at org.junit.Assert.fail(Assert.java:88)
Uploading artifacts to registry...",test
"Downloading dependencies...
Error response from daemon: OOM killer killed your process
Setting up test environment...
[INFO] Building project...
[INFO] Starting Spring Boot application...",infra
"Running CI pipeline step 12...
Checkstyle rule violated: MagicNumber at line 42, column 18.
Downloading dependencies...",build
"java.lang.AssertionError: expected true but was false
  at TestFoo.testBar(TestFoo.java:56)
[INFO] Starting Spring Boot application...
[INFO] Starting Spring Boot application...
Executing Gradle task...
Connecting to external service...",test
"java.lang.OutOfMemoryError: Java heap space
  at java.util.Arrays.copyOf(Arrays.java:3210)
Downloading dependencies...
[DEBUG] Loading configuration...",infra
"TestTimedOutException: test timed out after 30000 milliseconds
Downloading dependencies...
Setting up test environment...
Connecting to external service...
Setting up test environment...",test
"FATAL: Connection to database failed: connection refused
Setting up test environment...
[WARN] Deprecated API usage detected
Connecting to external service...",infra
"Running CI pipeline step 13...
Cannot connect to the Docker daemon at unix:///var/run/docker.sock. Is the docker daemon running?
Downloading dependencies...",infra
"Running CI pipeline step 3...
Uploading artifacts to registry...
Setting up test environment...
[ERROR] Tests run: 1, Failures: 1, Errors: 0, Skipped: 0
[WARN] Deprecated API usage detected",test
"SSL handshake failed: PKIX path building failed: unable to find valid certification path
Connecting to external service...
Running CI pipeline step 11...",infra
"Connecting to external service...
Connecting to external service...
[ERROR] Source option 8 is no longer supported. Use 11 or later.",build
"Setting up test environment...
org.junit.ComparisonFailure: expected:<Hello [World]> but was:<Hello [there]>
[WARN] Deprecated API usage detected",test
"Could not resolve host: registry.example.com: Name or service not known
Uploading artifacts to registry...
Uploading artifacts to registry...
[WARN] Deprecated API usage detected
Connecting to external service...",infra
"Setting up test environment...
[WARN] Deprecated API usage detected
[WARN] Deprecated API usage detected
com.zaxxer.hikari.pool.HikariPool: HikariPool-1 - Connection is not available, timeout after 30000ms",infra
"[INFO] Starting Spring Boot application...
[WARN] Deprecated API usage detected
AssertionError: 404 != 200
Executing Gradle task...
Setting up test environment...",test
"[INFO] Building project...
[INFO] Starting Spring Boot application...
[INFO] Starting Spring Boot application...
[WARN] Deprecated API usage detected
java.lang.NullPointerException
  at com.example.service.UserServiceTest.testGetUser(UserServiceTest.java:42)",test
"com.zaxxer.hikari.pool.HikariPool: HikariPool-1 - Connection is not available, timeout after 30000ms
[WARN] Deprecated API usage detected
Uploading artifacts to registry...",infra
"[ERROR] Tests run: 1, Failures: 1, Errors: 0, Skipped: 0
[WARN] Deprecated API usage detected
Running CI pipeline step 15...
[INFO] Starting Spring Boot application...",test
"Setting up test environment...
Mockito: Wanted but not invoked: mockUserRepo.save()
[DEBUG] Loading configuration...",test
"Tests run: 45, Failures: 3, Errors: 0, Skipped: 2
  FAILED com.example.UserServiceTest.testCreateUser
Running CI pipeline step 4...
[INFO] Building project...",test
"Uploading artifacts to registry...
Connecting to external service...
[INFO] Building project...
Could not resolve all dependencies for configuration ':compileClasspath'.
> Could not find com.example:missing-lib:1.0
Downloading dependencies...",build
"[INFO] Building project...
Connecting to external service...
BUILD FAILED in 42s
3 actionable tasks: 1 executed, 2 failed
Running CI pipeline step 3...
Setting up test environment...",build
"error: package jakarta.validation does not exist
[WARN] Deprecated API usage detected
[WARN] Deprecated API usage detected
Downloading dependencies...
[INFO] Starting Spring Boot application...",build
"Executing Gradle task...
fatal error: OOM at gc/mark_termination.go:1234
[INFO] Starting Spring Boot application...
[WARN] Deprecated API usage detected
Running CI pipeline step 16...",infra
"[DEBUG] Loading configuration...
gitleaks: possible secret in commit abc123: password = 'supersecret123'
[WARN] Deprecated API usage detected
Uploading artifacts to registry...",security
"Cannot connect to the Docker daemon at unix:///var/run/docker.sock. Is the docker daemon running?
[INFO] Building project...
Connecting to external service...
Setting up test environment...",infra
"Security policy violation: image uses root user. Add USER nonroot to Dockerfile.
Uploading artifacts to registry...
[WARN] Deprecated API usage detected",security
"Uploading artifacts to registry...
Uploading artifacts to registry...
[WARN] Deprecated API usage detected
Error: ENOSPC: no space left on device, write
Executing Gradle task...",infra
"[INFO] Starting Spring Boot application...
[INFO] Building project...
[WARN] Deprecated API usage detected
dependency-check: FAIL - 3 dependencies with CVSS score >= 8.0",security
"Could not resolve host: registry.example.com: Name or service not known
[DEBUG] Loading configuration...
[INFO] Building project...
Uploading artifacts to registry...
[INFO] Building project...",infra
"[INFO] Starting Spring Boot application...
Uploading artifacts to registry...
Connecting to external service...
FAILED: com.example.api.UserControllerTest - 2 tests FAILED",test
"[INFO] Building project...
SSL handshake failed: PKIX path building failed: unable to find valid certification path
Downloading dependencies...
Running CI pipeline step 7...",infra
"Setting up test environment...
[WARN] Deprecated API usage detected
fatal error: OOM at gc/mark_termination.go:1234",infra
"[DEBUG] Loading configuration...
Connecting to external service...
org.springframework.beans.factory.BeanCreationException: Error creating bean with name 'userService'",test
"Uploading artifacts to registry...
[INFO] Building project...
com.zaxxer.hikari.pool.HikariPool: HikariPool-1 - Connection is not available, timeout after 30000ms",infra
"SpotBugs found 3 bugs in com.example.UserService
[DEBUG] Loading configuration...
Uploading artifacts to registry...
[DEBUG] Loading configuration...
Uploading artifacts to registry...",build
"Connecting to external service...
[INFO] Building project...
An unexpected error occurred during pipeline execution
Running CI pipeline step 10...
[INFO] Building project...",unknown
"Downloading dependencies...
Connecting to external service...
Setting up test environment...
Error response from daemon: OOM killer killed your process
Uploading artifacts to registry...",infra
"com.zaxxer.hikari.pool.HikariPool: HikariPool-1 - Connection is not available, timeout after 30000ms
[INFO] Building project...
Executing Gradle task...",infra
"Uploading artifacts to registry...
OWASP dependency-check failed: 5 vulnerabilities exceed configured threshold (CVSS >= 7.0)
Setting up test environment...
Uploading artifacts to registry...",security
"[DEBUG] Loading configuration...
Uploading artifacts to registry...
[INFO] Starting Spring Boot application...
FATAL: Connection to database failed: connection refused",infra
"Uploading artifacts to registry...
Could not resolve host: registry.example.com: Name or service not known
Executing Gradle task...",infra
"Error: ENOSPC: no space left on device, write
[INFO] Starting Spring Boot application...
[DEBUG] Loading configuration...
Downloading dependencies...
Executing Gradle task...",infra
"[INFO] Building project...
Could not resolve host: registry.example.com: Name or service not known
[INFO] Building project...",infra
"[INFO] Starting Spring Boot application...
Uploading artifacts to registry...
> Task :test FAILED
Could not resolve com.h2database:h2:2.2.224
Executing Gradle task...
Setting up test environment...",build
"[INFO] Starting Spring Boot application...
Uploading artifacts to registry...
TestTimedOutException: test timed out after 30000 milliseconds
Uploading artifacts to registry...",test
"Connecting to external service...
Running CI pipeline step 9...
Connecting to external service...
[INFO] Starting Spring Boot application...
PMD: Avoid unused private fields such as 'logger'.",build
"Uploading artifacts to registry...
Executing Gradle task...
Setting up test environment...
SpotBugs found 3 bugs in com.example.UserService
[DEBUG] Loading configuration...",build
"[INFO] Starting Spring Boot application...
Uploading artifacts to registry...
Connecting to external service...
[INFO] Starting Spring Boot application...
gitleaks: possible secret in commit abc123: password = 'supersecret123'",security
"Checkstyle rule violated: MagicNumber at line 42, column 18.
[INFO] Starting Spring Boot application...
Downloading dependencies...
Executing Gradle task...",build
"Mockito: Wanted but not invoked: mockUserRepo.save()
Executing Gradle task...
Running CI pipeline step 20...",test
"Connecting to external service...
org.junit.ComparisonFailure: expected:<Hello [World]> but was:<Hello [there]>
Connecting to external service...",test
"Connecting to external service...
Downloading dependencies...
ERROR in test setup: @Before method threw exception",test
"[INFO] Starting Spring Boot application...
[DEBUG] Loading configuration...
org.springframework.beans.factory.BeanCreationException: Error creating bean with name 'userService'",test
"Setting up test environment...
[INFO] Building project...
Connecting to external service...
org.awaitility.core.ConditionTimeoutException: Condition not met within 5 seconds
[INFO] Building project...",test
"Uploading artifacts to registry...
java.lang.NullPointerException
  at com.example.service.UserServiceTest.testGetUser(UserServiceTest.java:42)
Downloading dependencies...
[DEBUG] Loading configuration...",test
"[ERROR] Tests run: 1, Failures: 1, Errors: 0, Skipped: 0
[INFO] Starting Spring Boot application...
Uploading artifacts to registry...",test
"Connecting to external service...
Connecting to external service...
CRITICAL: jackson-databind 2.13.0 - Remote Code Execution via CVE-2022-42003",security
"Uploading artifacts to registry...
Downloading dependencies...
Downloading dependencies...
Connecting to external service...
FAILED: com.example.api.UserControllerTest - 2 tests FAILED",test
"[WARN] Deprecated API usage detected
Connecting to external service...
[INFO] Starting Spring Boot application...
Cannot connect to the Docker daemon at unix:///var/run/docker.sock. Is the docker daemon running?
Connecting to external service...",infra
"java.lang.AssertionError: expected:<200> but was:<500>
  at org.junit.Assert.fail(Assert.java:88)
[DEBUG] Loading configuration...
Running CI pipeline step 4...
Running CI pipeline step 12...
Executing Gradle task...",test
"junit.framework.AssertionFailedError: Expected 5 but was 3
Uploading artifacts to registry...
Connecting to external service...",test
"Connecting to external service...
Could not resolve host: registry.example.com: Name or service not known
Executing Gradle task...",infra
"FATAL: Connection to database failed: connection refused
Executing Gradle task...
[INFO] Starting Spring Boot application...",infra
"Running CI pipeline step 17...
org.junit.ComparisonFailure: expected:<Hello [World]> but was:<Hello [there]>
Connecting to external service...",test
"Unable to acquire JDBC Connection: HikariPool-1 - Connection is not available, request timed out after 30001ms
[INFO] Building project...
Connecting to external service...",infra
"Could not find artifact org.example:lib:jar:2.0.0 in central
[DEBUG] Loading configuration...
Connecting to external service...",build
"[ERROR] BUILD FAILURE
[ERROR] Failed to execute goal org.apache.maven.plugins:maven-compiler-plugin:3.11:compile
Executing Gradle task...
[DEBUG] Loading configuration...
Executing Gradle task...",build
"[WARN] Deprecated API usage detected
Trivy scan found 3 CRITICAL and 7 HIGH vulnerabilities in openjdk:17-alpine base image
Uploading artifacts to registry...",security
"Connecting to external service...
Uploading artifacts to registry...
org.awaitility.core.ConditionTimeoutException: Condition not met within 5 seconds
Running CI pipeline step 19...",test
"Uploading artifacts to registry...
[INFO] Starting Spring Boot application...
ERROR: No space left on device (errno=28)
failed to write output file",infra
"[INFO] Starting Spring Boot application...
Gradle build daemon disappeared unexpectedly
[WARN] Deprecated API usage detected",build
"Uploading artifacts to registry...
[DEBUG] Loading configuration...
[WARN] Deprecated API usage detected
[DEBUG] Loading configuration...
The runner has disconnected unexpectedly",unknown
"Running CI pipeline step 19...
[INFO] Building project...
Connecting to external service...
[WARN] Deprecated API usage detected
java.lang.AssertionError: expected:<200> but was:<500>
  at org.junit.Assert.fail(Assert.java:88)",test
"[INFO] Starting Spring Boot application...
[INFO] Building project...
fatal error: OOM at gc/mark_termination.go:1234
Downloading dependencies...",infra
"[INFO] Starting Spring Boot application...
TestTimedOutException: test timed out after 30000 milliseconds
Uploading artifacts to registry...
[WARN] Deprecated API usage detected",test
"[DEBUG] Loading configuration...
Executing Gradle task...
ERROR in test setup: @Before method threw exception",test
"[WARN] Deprecated API usage detected
[ERROR] BUILD FAILURE
[ERROR] Failed to execute goal org.apache.maven.plugins:maven-compiler-plugin:3.11:compile
Connecting to external service...
[WARN] Deprecated API usage detected",build
"[DEBUG] Loading configuration...
[WARN] Deprecated API usage detected
AssertionError: 404 != 200
Downloading dependencies...",test
"Downloading dependencies...
[DEBUG] Loading configuration...
Could not resolve host: registry.example.com: Name or service not known",infra
"[WARN] Deprecated API usage detected
[INFO] Starting Spring Boot application...
Connecting to external service...
Setting up test environment...
Could not find artifact org.example:lib:jar:2.0.0 in central",build
"Executing Gradle task...
Uploading artifacts to registry...
[INFO] Building project...
Process exited with code 1
The process '/bin/bash' exited with code 1",unknown
"Connecting to external service...
[INFO] Building project...
[DEBUG] Loading configuration...
Security policy violation: image uses root user. Add USER nonroot to Dockerfile.",security
"CRITICAL: jackson-databind 2.13.0 - Remote Code Execution via CVE-2022-42003
Uploading artifacts to registry...
Running CI pipeline step 2...
[DEBUG] Loading configuration...",security
"[INFO] Starting Spring Boot application...
[INFO] Building project...
Setting up test environment...
java.lang.NullPointerException
  at com.example.service.UserServiceTest.testGetUser(UserServiceTest.java:42)",test
"Downloading dependencies...
Connecting to external service...
error: package jakarta.validation does not exist",build
"Connecting to external service...
Uploading artifacts to registry...
Setting up test environment...
error: method does not override or implement a method from a supertype
  @Override",build
"Downloading dependencies...
[DEBUG] Loading configuration...
[DEBUG] Loading configuration...
Job exceeded maximum allowed timeout of 3600 seconds",infra
"Unable to acquire JDBC Connection: HikariPool-1 - Connection is not available, request timed out after 30001ms
Executing Gradle task...
[INFO] Building project...",infra
"[DEBUG] Loading configuration...
fatal error: OOM at gc/mark_termination.go:1234
Connecting to external service...",infra
"Downloading dependencies...
[WARN] Deprecated API usage detected
[WARN] Deprecated API usage detected
Secret detected: AWS access key found in config/application.properties",security
"Executing Gradle task...
Running CI pipeline step 17...
Script terminated with non-zero exit status
Setting up test environment...",unknown
"FATAL: Connection to database failed: connection refused
[DEBUG] Loading configuration...
Setting up test environment...",infra
"[INFO] Building project...
[DEBUG] Loading configuration...
[ERROR] Tests run: 1, Failures: 1, Errors: 0, Skipped: 0",test
"> Task :test FAILED
Could not resolve com.h2database:h2:2.2.224
[WARN] Deprecated API usage detected
Setting up test environment...",build
"Setting up test environment...
[DEBUG] Loading configuration...
Connecting to external service...
[INFO] Building project...
Error: ENOSPC: no space left on device, write",infra
"[INFO] Starting Spring Boot application...
Running CI pipeline step 12...
java.net.ConnectException: Connection refused (Connection refused)
  at sun.reflect.NativeConstructorAccessorImpl.newInstance0(Native Method)
[INFO] Building project...",infra
"Downloading dependencies...
Setting up test environment...
Running CI pipeline step 6...
[DEBUG] Loading configuration...
Error: ENOSPC: no space left on device, write",infra
"[DEBUG] Loading configuration...
Executing Gradle task...
Downloading dependencies...
Cannot connect to the Docker daemon at unix:///var/run/docker.sock. Is the docker daemon running?
Connecting to external service...",infra
"java.lang.OutOfMemoryError: Java heap space
  at java.util.Arrays.copyOf(Arrays.java:3210)
Executing Gradle task...
[INFO] Starting Spring Boot application...
Running CI pipeline step 7...",infra
"[INFO] Building project...
Executing Gradle task...
Running CI pipeline step 1...
The runner has disconnected unexpectedly
[DEBUG] Loading configuration...",unknown
"Running CI pipeline step 12...
[INFO] Building project...
curl: (6) Could not resolve host: maven.example.com",infra
"Job exceeded maximum allowed timeout of 3600 seconds
Executing Gradle task...
Downloading dependencies...
Uploading artifacts to registry...",infra
"Error: ENOSPC: no space left on device, write
Uploading artifacts to registry...
Executing Gradle task...
[INFO] Starting Spring Boot application...",infra
"Downloading dependencies...
Executing Gradle task...
Could not resolve host: registry.example.com: Name or service not known
Running CI pipeline step 8...
Uploading artifacts to registry...",infra
"Downloading dependencies...
FATAL: Connection to database failed: connection refused
Running CI pipeline step 12...",infra
"Downloading dependencies...
[WARN] Deprecated API usage detected
docker: Error response from daemon: Conflict. The container name is already in use.
[INFO] Starting Spring Boot application...
[WARN] Deprecated API usage detected",infra
"FATAL: Connection to database failed: connection refused
[WARN] Deprecated API usage detected
Executing Gradle task...",infra
"FAILED: com.example.api.UserControllerTest - 2 tests FAILED
Executing Gradle task...
Connecting to external service...
Setting up test environment...",test
"Connecting to external service...
Executing Gradle task...
[WARN] Deprecated API usage detected
docker: Error response from daemon: Conflict. The container name is already in use.
[INFO] Building project...",infra
"[DEBUG] Loading configuration...
org.awaitility.core.ConditionTimeoutException: Condition not met within 5 seconds
Running CI pipeline step 18...",test
"java.lang.OutOfMemoryError: Java heap space
  at java.util.Arrays.copyOf(Arrays.java:3210)
Downloading dependencies...
Executing Gradle task...",infra
"[WARN] Deprecated API usage detected
org.springframework.beans.factory.BeanCreationException: Error creating bean with name 'userService'
Downloading dependencies...
Uploading artifacts to registry...",test
"Running CI pipeline step 19...
Downloading dependencies...
Could not find artifact org.example:lib:jar:2.0.0 in central
Setting up test environment...
Setting up test environment...",build
"Downloading dependencies...
[WARN] Deprecated API usage detected
BUILD FAILED in 42s
3 actionable tasks: 1 executed, 2 failed",build
"Setting up test environment...
Setting up test environment...
[INFO] Building project...
Compilation failed; see the compiler error output for details.
javac: error: invalid flag: --enable-preview",build
"Uploading artifacts to registry...
com.zaxxer.hikari.pool.HikariPool: HikariPool-1 - Connection is not available, timeout after 30000ms
[DEBUG] Loading configuration...
[INFO] Starting Spring Boot application...",infra
"Could not resolve host: registry.example.com: Name or service not known
[WARN] Deprecated API usage detected
[WARN] Deprecated API usage detected",infra
"Setting up test environment...
org.awaitility.core.ConditionTimeoutException: Condition not met within 5 seconds
Setting up test environment...",test
"SSL handshake failed: PKIX path building failed: unable to find valid certification path
Setting up test environment...
Uploading artifacts to registry...
Running CI pipeline step 17...",infra
"FATAL: Connection to database failed: connection refused
[INFO] Building project...
[INFO] Starting Spring Boot application...",infra
"curl: (6) Could not resolve host: maven.example.com
Setting up test environment...
Setting up test environment...
[WARN] Deprecated API usage detected
Setting up test environment...",infra
"Downloading dependencies...
Uploading artifacts to registry...
com.zaxxer.hikari.pool.HikariPool: HikariPool-1 - Connection is not available, timeout after 30000ms
Downloading dependencies...
[INFO] Starting Spring Boot application...",infra
"Running CI pipeline step 8...
[INFO] Building project...
Unable to acquire JDBC Connection: HikariPool-1 - Connection is not available, request timed out after 30001ms
Downloading dependencies...
Connecting to external service...",infra
"Running CI pipeline step 14...
Could not resolve all dependencies for configuration ':compileClasspath'.
> Could not find com.example:missing-lib:1.0
Uploading artifacts to registry...",build
"[INFO] Building project...
org.awaitility.core.ConditionTimeoutException: Condition not met within 5 seconds
Running CI pipeline step 3...
[WARN] Deprecated API usage detected",test
"[DEBUG] Loading configuration...
Running CI pipeline step 17...
Uploading artifacts to registry...
BUILD FAILED in 42s
3 actionable tasks: 1 executed, 2 failed",build
"[WARN] Deprecated API usage detected
Uploading artifacts to registry...
Running CI pipeline step 1...
Connecting to external service...
java.net.ConnectException: Connection refused (Connection refused)
  at sun.reflect.NativeConstructorAccessorImpl.newInstance0(Native Method)",infra
"Script terminated with non-zero exit status
Executing Gradle task...
[INFO] Building project...",unknown
"Running CI pipeline step 8...
[DEBUG] Loading configuration...
SpotBugs found 3 bugs in com.example.UserService
Downloading dependencies...
[WARN] Deprecated API usage detected",build
"PMD: Avoid unused private fields such as 'logger'.
[INFO] Building project...
Running CI pipeline step 9...",build
"An unexpected error occurred during pipeline execution
[DEBUG] Loading configuration...
Running CI pipeline step 4...
Uploading artifacts to registry...",unknown
"Setting up test environment...
java.lang.AssertionError: expected true but was false
  at TestFoo.testBar(TestFoo.java:56)
[DEBUG] Loading configuration...",test
"[INFO] Building project...
> Task :test FAILED
Could not resolve com.h2database:h2:2.2.224
[INFO] Starting Spring Boot application...
[INFO] Building project...
Executing Gradle task...",build
"Gradle build daemon disappeared unexpectedly
[INFO] Building project...
Executing Gradle task...
[INFO] Starting Spring Boot application...
[INFO] Starting Spring Boot application...",build
"Job exceeded maximum allowed timeout of 3600 seconds
Setting up test environment...
Connecting to external service...
Uploading artifacts to registry...",infra
"Setting up test environment...
[INFO] Starting Spring Boot application...
Checkstyle rule violated: MagicNumber at line 42, column 18.",build
"Downloading dependencies...
TestTimedOutException: test timed out after 30000 milliseconds
Running CI pipeline step 15...
Uploading artifacts to registry...
Executing Gradle task...",test
"Executing Gradle task...
[WARN] Deprecated API usage detected
Snyk test failed: 2 critical severity vulnerabilities found in spring-core:5.3.20",security
"Uploading artifacts to registry...
Downloading dependencies...
Tests run: 45, Failures: 3, Errors: 0, Skipped: 2
  FAILED com.example.UserServiceTest.testCreateUser",test
"[INFO] Starting Spring Boot application...
Uploading artifacts to registry...
Uploading artifacts to registry...
BUILD FAILED in 42s
3 actionable tasks: 1 executed, 2 failed",build
"Uploading artifacts to registry...
[DEBUG] Loading configuration...
error: cannot find symbol
  class UserRepository
  location: package com.example.repository
[WARN] Deprecated API usage detected
Downloading dependencies...",build
"Connecting to external service...
[INFO] Building project...
Setting up test environment...
java.net.ConnectException: Connection refused (Connection refused)
  at sun.reflect.NativeConstructorAccessorImpl.newInstance0(Native Method)
Running CI pipeline step 8...",infra
"Connecting to external service...
error: cannot find symbol
  class UserRepository
  location: package com.example.repository
[WARN] Deprecated API usage detected
[INFO] Building project...
Setting up test environment...",build
"Running CI pipeline step 20...
[INFO] Starting Spring Boot application...
[INFO] Building project...
com.zaxxer.hikari.pool.HikariPool: HikariPool-1 - Connection is not available, timeout after 30000ms",infra
"java.net.ConnectException: Connection refused (Connection refused)
  at sun.reflect.NativeConstructorAccessorImpl.newInstance0(Native Method)
Connecting to external service...
[INFO] Starting Spring Boot application...",infra
"Executing Gradle task...
ERROR in test setup: @Before method threw exception
Connecting to external service...
Connecting to external service...
Running CI pipeline step 18...",test
"Executing Gradle task...
[WARN] Deprecated API usage detected
Uploading artifacts to registry...
Checkstyle rule violated: MagicNumber at line 42, column 18.",build
"Uploading artifacts to registry...
Connecting to external service...
Executing Gradle task...
[INFO] Building project...
Script terminated with non-zero exit status",unknown
"[DEBUG] Loading configuration...
java.lang.AssertionError: expected true but was false
  at TestFoo.testBar(TestFoo.java:56)
Running CI pipeline step 15...
Connecting to external service...",test
"Setting up test environment...
org.awaitility.core.ConditionTimeoutException: Condition not met within 5 seconds
[DEBUG] Loading configuration...
[INFO] Building project...",test
"Running CI pipeline step 9...
> Task :test FAILED
Could not resolve com.h2database:h2:2.2.224
Setting up test environment...",build
"[WARN] Deprecated API usage detected
AssertionError: 404 != 200
[INFO] Starting Spring Boot application...",test
"Connecting to external service...
Downloading dependencies...
Could not find artifact org.example:lib:jar:2.0.0 in central
Setting up test environment...",build
"Failed to load ApplicationContext for test class com.example.IntegrationTest
Executing Gradle task...
Setting up test environment...
[DEBUG] Loading configuration...
Running CI pipeline step 17...",test
"Setting up test environment...
Executing Gradle task...
Uploading artifacts to registry...
Could not resolve host: registry.example.com: Name or service not known",infra
"Connecting to external service...
Downloading dependencies...
ERROR: No space left on device (errno=28)
failed to write output file
Uploading artifacts to registry...
Running CI pipeline step 20...",infra
"[ERROR] Source option 8 is no longer supported. Use 11 or later.
[INFO] Building project...
Downloading dependencies...
Connecting to external service...
Running CI pipeline step 17...",build
"Running CI pipeline step 15...
Checkstyle rule violated: MagicNumber at line 42, column 18.
[INFO] Starting Spring Boot application...
Connecting to external service...
[INFO] Starting Spring Boot application...",build
"Setting up test environment...
An unexpected error occurred during pipeline execution
[INFO] Building project...",unknown
"[INFO] Starting Spring Boot application...
[DEBUG] Loading configuration...
java.lang.AssertionError: expected true but was false
  at TestFoo.testBar(TestFoo.java:56)",test
"Uploading artifacts to registry...
ERROR in test setup: @Before method threw exception
[INFO] Starting Spring Boot application...",test
"[INFO] Starting Spring Boot application...
com.zaxxer.hikari.pool.HikariPool: HikariPool-1 - Connection is not available, timeout after 30000ms
Executing Gradle task...
Setting up test environment...",infra
"TestTimedOutException: test timed out after 30000 milliseconds
Connecting to external service...
Uploading artifacts to registry...",test
"[WARN] Deprecated API usage detected
[WARN] Deprecated API usage detected
Connecting to external service...
SSL handshake failed: PKIX path building failed: unable to find valid certification path
Downloading dependencies...",infra
"Setting up test environment...
[INFO] Building project...
Could not find artifact org.example:lib:jar:2.0.0 in central",build
"[INFO] Building project...
[WARN] Deprecated API usage detected
Job exceeded maximum allowed timeout of 3600 seconds",infra
"Downloading dependencies...
Running CI pipeline step 9...
Unable to acquire JDBC Connection: HikariPool-1 - Connection is not available, request timed out after 30001ms
Uploading artifacts to registry...",infra
"Downloading dependencies...
Executing Gradle task...
Connecting to external service...
Downloading dependencies...
docker: Error response from daemon: Conflict. The container name is already in use.",infra
"Uploading artifacts to registry...
error: exit status 2
[WARN] Deprecated API usage detected
Running CI pipeline step 3...
Uploading artifacts to registry...",unknown
"Error response from daemon: OOM killer killed your process
Downloading dependencies...
Running CI pipeline step 9...",infra
"[INFO] Building project...
Setting up test environment...
Connecting to external service...
Error response from daemon: OOM killer killed your process",infra
"fatal error: OOM at gc/mark_termination.go:1234
Setting up test environment...
[INFO] Starting Spring Boot application...
Downloading dependencies...",infra
"Downloading dependencies...
Downloading dependencies...
Trivy scan found 3 CRITICAL and 7 HIGH vulnerabilities in openjdk:17-alpine base image",security
"org.awaitility.core.ConditionTimeoutException: Condition not met within 5 seconds
Connecting to external service...
Downloading dependencies...
[DEBUG] Loading configuration...
[INFO] Starting Spring Boot application...",test
"[INFO] Starting Spring Boot application...
java.lang.NullPointerException
  at com.example.service.UserServiceTest.testGetUser(UserServiceTest.java:42)
Executing Gradle task...
[WARN] Deprecated API usage detected",test
"Setting up test environment...
Setting up test environment...
[INFO] Building project...
error: cannot find symbol
  class UserRepository
  location: package com.example.repository
Executing Gradle task...",build
"Tests run: 45, Failures: 3, Errors: 0, Skipped: 2
  FAILED com.example.UserServiceTest.testCreateUser
Connecting to external service...
Setting up test environment...
[WARN] Deprecated API usage detected
[INFO] Building project...",test
"[INFO] Building project...
docker: Error response from daemon: Conflict. The container name is already in use.
[DEBUG] Loading configuration...
Executing Gradle task...",infra
"[INFO] Building project...
Security policy violation: image uses root user. Add USER nonroot to Dockerfile.
[INFO] Building project...
[WARN] Deprecated API usage detected
Setting up test environment...",security
"Uploading artifacts to registry...
[DEBUG] Loading configuration...
[INFO] Building project...
java.lang.OutOfMemoryError: Java heap space
  at java.util.Arrays.copyOf(Arrays.java:3210)",infra
"[WARN] Deprecated API usage detected
[DEBUG] Loading configuration...
[INFO] Starting Spring Boot application...
SSL handshake failed: PKIX path building failed: unable to find valid certification path",infra
"Error: ENOSPC: no space left on device, write
[DEBUG] Loading configuration...
Executing Gradle task...",infra
"Setting up test environment...
Uploading artifacts to registry...
[DEBUG] Loading configuration...
java.lang.AssertionError: expected true but was false
  at TestFoo.testBar(TestFoo.java:56)
Running CI pipeline step 2...",test
"SpotBugs found 3 bugs in com.example.UserService
Running CI pipeline step 16...
[INFO] Building project...",build
"Executing Gradle task...
Job exceeded maximum allowed timeout of 3600 seconds
[WARN] Deprecated API usage detected",infra
"Could not resolve host: registry.example.com: Name or service not known
Setting up test environment...
Setting up test environment...
Connecting to external service...",infra
"[WARN] Deprecated API usage detected
Executing Gradle task...
[DEBUG] Loading configuration...
error: method does not override or implement a method from a supertype
  @Override
Setting up test environment...",build
"[ERROR] BUILD FAILURE
[ERROR] Failed to execute goal org.apache.maven.plugins:maven-compiler-plugin:3.11:compile
Connecting to external service...
[INFO] Starting Spring Boot application...
[INFO] Building project...
[DEBUG] Loading configuration...",build
"Downloading dependencies...
ERROR in test setup: @Before method threw exception
[WARN] Deprecated API usage detected",test
"Running CI pipeline step 6...
Setting up test environment...
java.lang.NullPointerException
  at com.example.service.UserServiceTest.testGetUser(UserServiceTest.java:42)
Running CI pipeline step 20...
Executing Gradle task...",test
"Failed to load ApplicationContext for test class com.example.IntegrationTest
[DEBUG] Loading configuration...
[INFO] Starting Spring Boot application...",test
"Job exceeded maximum allowed timeout of 3600 seconds
Uploading artifacts to registry...
[INFO] Starting Spring Boot application...
[DEBUG] Loading configuration...
[DEBUG] Loading configuration...",infra
"Downloading dependencies...
Executing Gradle task...
Downloading dependencies...
[INFO] Starting Spring Boot application...
> Task :test FAILED
Could not resolve com.h2database:h2:2.2.224",build
"Uploading artifacts to registry...
An unexpected error occurred during pipeline execution
Connecting to external service...",unknown
"Executing Gradle task...
SSL handshake failed: PKIX path building failed: unable to find valid certification path
Connecting to external service...",infra
"Running CI pipeline step 3...
[DEBUG] Loading configuration...
[DEBUG] Loading configuration...
FAILURE: Build failed with an exception.
* What went wrong:
Execution failed for task ':compileJava'.
Downloading dependencies...",build
"SSL handshake failed: PKIX path building failed: unable to find valid certification path
[INFO] Starting Spring Boot application...
Setting up test environment...",infra
"org.junit.ComparisonFailure: expected:<Hello [World]> but was:<Hello [there]>
Setting up test environment...
Executing Gradle task...",test
"Downloading dependencies...
FAILURE: Build failed with an exception.
* What went wrong:
Execution failed for task ':compileJava'.
[WARN] Deprecated API usage detected
Connecting to external service...",build
"[INFO] Starting Spring Boot application...
The runner has disconnected unexpectedly
Uploading artifacts to registry...
Running CI pipeline step 4...
Executing Gradle task...",unknown
"Executing Gradle task...
Connecting to external service...
fatal error: OOM at gc/mark_termination.go:1234",infra
"[WARN] Deprecated API usage detected
Executing Gradle task...
FAILURE: Build failed with an exception.
* What went wrong:
Execution failed for task ':compileJava'.",build
"junit.framework.AssertionFailedError: Expected 5 but was 3
Executing Gradle task...
[DEBUG] Loading configuration...
Running CI pipeline step 3...
Setting up test environment...",test
"[WARN] Deprecated API usage detected
Running CI pipeline step 4...
Failed to load ApplicationContext for test class com.example.IntegrationTest",test
"org.awaitility.core.ConditionTimeoutException: Condition not met within 5 seconds
Running CI pipeline step 3...
Uploading artifacts to registry...
[WARN] Deprecated API usage detected",test
"[ERROR] Source option 8 is no longer supported. Use 11 or later.
Executing Gradle task...
Setting up test environment...
[DEBUG] Loading configuration...
Connecting to external service...",build
"Uploading artifacts to registry...
Connecting to external service...
org.junit.ComparisonFailure: expected:<Hello [World]> but was:<Hello [there]>
[INFO] Building project...",test
"ERROR in test setup: @Before method threw exception
Executing Gradle task...
[DEBUG] Loading configuration...",test
"[DEBUG] Loading configuration...
[WARN] Deprecated API usage detected
[DEBUG] Loading configuration...
Snyk test failed: 2 critical severity vulnerabilities found in spring-core:5.3.20
[INFO] Starting Spring Boot application...",security
"Running CI pipeline step 4...
[WARN] Deprecated API usage detected
[DEBUG] Loading configuration...
error: method does not override or implement a method from a supertype
  @Override",build
"Setting up test environment...
Executing Gradle task...
Tests run: 45, Failures: 3, Errors: 0, Skipped: 2
  FAILED com.example.UserServiceTest.testCreateUser",test
"fatal error: OOM at gc/mark_termination.go:1234
[INFO] Starting Spring Boot application...
[INFO] Starting Spring Boot application...
[WARN] Deprecated API usage detected
[DEBUG] Loading configuration...",infra
"[INFO] Starting Spring Boot application...
Connecting to external service...
Running CI pipeline step 8...
java.lang.NullPointerException
  at com.example.service.UserServiceTest.testGetUser(UserServiceTest.java:42)
Running CI pipeline step 13...",test
"Uploading artifacts to registry...
java.lang.OutOfMemoryError: Java heap space
  at java.util.Arrays.copyOf(Arrays.java:3210)
Connecting to external service...",infra
"TestTimedOutException: test timed out after 30000 milliseconds
Uploading artifacts to registry...
Downloading dependencies...
Uploading artifacts to registry...",test
"[WARN] Deprecated API usage detected
[INFO] Building project...
ERROR: No space left on device (errno=28)
failed to write output file",infra
"Setting up test environment...
Setting up test environment...
Cannot connect to the Docker daemon at unix:///var/run/docker.sock. Is the docker daemon running?",infra
"Uploading artifacts to registry...
Compilation failed; see the compiler error output for details.
javac: error: invalid flag: --enable-preview
Setting up test environment...",build
"Downloading dependencies...
[DEBUG] Loading configuration...
[DEBUG] Loading configuration...
FATAL: Connection to database failed: connection refused",infra
"[INFO] Starting Spring Boot application...
Setting up test environment...
Connecting to external service...
Executing Gradle task...
CVE-2024-12345: Critical vulnerability found in log4j-core:2.14.1 (CVSS 9.8)",security
"Snyk test failed: 2 critical severity vulnerabilities found in spring-core:5.3.20
Setting up test environment...
Executing Gradle task...",security
"[INFO] Building project...
Executing Gradle task...
[DEBUG] Loading configuration...
java.lang.OutOfMemoryError: Java heap space
  at java.util.Arrays.copyOf(Arrays.java:3210)
Setting up test environment...",infra
"Setting up test environment...
[INFO] Building project...
[WARN] Deprecated API usage detected
error: package jakarta.validation does not exist",build
"error: package jakarta.validation does not exist
[DEBUG] Loading configuration...
[INFO] Building project...
Running CI pipeline step 5...
[INFO] Starting Spring Boot application...",build
"Executing Gradle task...
FATAL: Connection to database failed: connection refused
Uploading artifacts to registry...
Downloading dependencies...",infra
"Downloading dependencies...
java.lang.AssertionError: expected true but was false
  at TestFoo.testBar(TestFoo.java:56)
[WARN] Deprecated API usage detected",test
"Error: ENOSPC: no space left on device, write
Executing Gradle task...
Setting up test environment...
Downloading dependencies...",infra
"Executing Gradle task...
Connecting to external service...
FAILURE: Build failed with an exception.
* What went wrong:
Execution failed for task ':compileJava'.",build
"Running CI pipeline step 20...
[INFO] Building project...
FAILED: com.example.api.UserControllerTest - 2 tests FAILED",test
"[DEBUG] Loading configuration...
Connecting to external service...
[ERROR] Source option 8 is no longer supported. Use 11 or later.",build
"[WARN] Deprecated API usage detected
docker: Error response from daemon: Conflict. The container name is already in use.
Executing Gradle task...
Running CI pipeline step 8...",infra
"Setting up test environment...
Connecting to external service...
org.awaitility.core.ConditionTimeoutException: Condition not met within 5 seconds",test
"dependency-check: FAIL - 3 dependencies with CVSS score >= 8.0
Connecting to external service...
Downloading dependencies...",security
"[DEBUG] Loading configuration...
SpotBugs found 3 bugs in com.example.UserService
Executing Gradle task...",build
"[DEBUG] Loading configuration...
junit.framework.AssertionFailedError: Expected 5 but was 3
Downloading dependencies...
Running CI pipeline step 5...",test
"Connecting to external service...
Uploading artifacts to registry...
java.lang.OutOfMemoryError: Java heap space
  at java.util.Arrays.copyOf(Arrays.java:3210)",infra
"[INFO] Building project...
Uploading artifacts to registry...
Uploading artifacts to registry...
AssertionError: 404 != 200",test
"Gradle build daemon disappeared unexpectedly
[INFO] Starting Spring Boot application...
Downloading dependencies...
[INFO] Starting Spring Boot application...",build
"[INFO] Starting Spring Boot application...
java.lang.OutOfMemoryError: Java heap space
  at java.util.Arrays.copyOf(Arrays.java:3210)
Uploading artifacts to registry...
Downloading dependencies...",infra
"[DEBUG] Loading configuration...
TestTimedOutException: test timed out after 30000 milliseconds
[INFO] Building project...",test
"[WARN] Deprecated API usage detected
Secret detected: AWS access key found in config/application.properties
Uploading artifacts to registry...
[DEBUG] Loading configuration...",security
"Running CI pipeline step 5...
[DEBUG] Loading configuration...
The runner has disconnected unexpectedly
Setting up test environment...",unknown
"Trivy scan found 3 CRITICAL and 7 HIGH vulnerabilities in openjdk:17-alpine base image
Downloading dependencies...
Setting up test environment...
[INFO] Building project...",security
"Executing Gradle task...
[INFO] Starting Spring Boot application...
[INFO] Starting Spring Boot application...
[DEBUG] Loading configuration...
dependency-check: FAIL - 3 dependencies with CVSS score >= 8.0",security
"[DEBUG] Loading configuration...
Uploading artifacts to registry...
java.lang.OutOfMemoryError: Java heap space
  at java.util.Arrays.copyOf(Arrays.java:3210)
[INFO] Building project...",infra
"java.net.ConnectException: Connection refused (Connection refused)
  at sun.reflect.NativeConstructorAccessorImpl.newInstance0(Native Method)
Running CI pipeline step 1...
[INFO] Starting Spring Boot application...",infra
"java.lang.AssertionError: expected:<200> but was:<500>
  at org.junit.Assert.fail(Assert.java:88)
Running CI pipeline step 5...
Connecting to external service...",test
"Running CI pipeline step 8...
Script terminated with non-zero exit status
Setting up test environment...
[INFO] Building project...
Executing Gradle task...",unknown
"[INFO] Building project...
Running CI pipeline step 17...
[WARN] Deprecated API usage detected
Executing Gradle task...
java.lang.AssertionError: expected true but was false
  at TestFoo.testBar(TestFoo.java:56)",test
"[WARN] Deprecated API usage detected
[INFO] Starting Spring Boot application...
CRITICAL: jackson-databind 2.13.0 - Remote Code Execution via CVE-2022-42003",security
"Running CI pipeline step 5...
AssertionError: 404 != 200
[DEBUG] Loading configuration...
Downloading dependencies...",test
"Setting up test environment...
Uploading artifacts to registry...
[INFO] Building project...
[INFO] Building project...
Unable to acquire JDBC Connection: HikariPool-1 - Connection is not available, request timed out after 30001ms",infra
"Downloading dependencies...
[WARN] Deprecated API usage detected
Executing Gradle task...
java.lang.OutOfMemoryError: Java heap space
  at java.util.Arrays.copyOf(Arrays.java:3210)",infra
"Running CI pipeline step 7...
Executing Gradle task...
com.zaxxer.hikari.pool.HikariPool: HikariPool-1 - Connection is not available, timeout after 30000ms
Connecting to external service...
Executing Gradle task...",infra
"Executing Gradle task...
Error response from daemon: OOM killer killed your process
Running CI pipeline step 18...
Connecting to external service...",infra
"[INFO] Building project...
Downloading dependencies...
Could not find artifact org.example:lib:jar:2.0.0 in central
Uploading artifacts to registry...
[INFO] Starting Spring Boot application...",build
"[WARN] Deprecated API usage detected
java.lang.AssertionError: expected:<200> but was:<500>
  at org.junit.Assert.fail(Assert.java:88)
Downloading dependencies...
Connecting to external service...
[INFO] Starting Spring Boot application...",test
"Downloading dependencies...
FAILED: com.example.api.UserControllerTest - 2 tests FAILED
[WARN] Deprecated API usage detected
Connecting to external service...
Downloading dependencies...",test
"Gradle build daemon disappeared unexpectedly
[INFO] Starting Spring Boot application...
[INFO] Building project...
[DEBUG] Loading configuration...",build
"Uploading artifacts to registry...
The runner has disconnected unexpectedly
Connecting to external service...",unknown
"[INFO] Building project...
Mockito: Wanted but not invoked: mockUserRepo.save()
Connecting to external service...
[WARN] Deprecated API usage detected",test
"[WARN] Deprecated API usage detected
[INFO] Building project...
error: cannot find symbol
  class UserRepository
  location: package com.example.repository
Executing Gradle task...",build
"Uploading artifacts to registry...
org.springframework.beans.factory.BeanCreationException: Error creating bean with name 'userService'
Downloading dependencies...",test
"Uploading artifacts to registry...
Uploading artifacts to registry...
com.zaxxer.hikari.pool.HikariPool: HikariPool-1 - Connection is not available, timeout after 30000ms
Running CI pipeline step 19...",infra
"Tests run: 45, Failures: 3, Errors: 0, Skipped: 2
  FAILED com.example.UserServiceTest.testCreateUser
Uploading artifacts to registry...
[INFO] Building project...
Executing Gradle task...",test
"Executing Gradle task...
Failed to load ApplicationContext for test class com.example.IntegrationTest
Executing Gradle task...
[INFO] Starting Spring Boot application...",test
"Downloading dependencies...
Downloading dependencies...
FATAL: Connection to database failed: connection refused
Executing Gradle task...",infra
"[DEBUG] Loading configuration...
[DEBUG] Loading configuration...
[INFO] Building project...
Connecting to external service...
The runner has disconnected unexpectedly",unknown
"Uploading artifacts to registry...
[DEBUG] Loading configuration...
[INFO] Building project...
SSL handshake failed: PKIX path building failed: unable to find valid certification path
Connecting to external service...",infra
"Downloading dependencies...
[INFO] Starting Spring Boot application...
Security policy violation: image uses root user. Add USER nonroot to Dockerfile.",security
"Compilation failed; see the compiler error output for details.
javac: error: invalid flag: --enable-preview
Uploading artifacts to registry...
[DEBUG] Loading configuration...",build
"Setting up test environment...
FATAL: Connection to database failed: connection refused
[INFO] Building project...",infra
"[DEBUG] Loading configuration...
[WARN] Deprecated API usage detected
java.lang.AssertionError: expected:<200> but was:<500>
  at org.junit.Assert.fail(Assert.java:88)
Uploading artifacts to registry...
Executing Gradle task...",test
"Executing Gradle task...
Running CI pipeline step 3...
Script terminated with non-zero exit status
[INFO] Starting Spring Boot application...",unknown
"Error response from daemon: OOM killer killed your process
[INFO] Building project...
Executing Gradle task...
[WARN] Deprecated API usage detected",infra
"[INFO] Starting Spring Boot application...
TestTimedOutException: test timed out after 30000 milliseconds
Connecting to external service...",test
"[INFO] Starting Spring Boot application...
[INFO] Building project...
Cannot connect to the Docker daemon at unix:///var/run/docker.sock. Is the docker daemon running?
[INFO] Starting Spring Boot application...
Downloading dependencies...",infra
"Setting up test environment...
[WARN] Deprecated API usage detected
ERROR: No space left on device (errno=28)
failed to write output file
Connecting to external service...
Executing Gradle task...",infra
"Error: ENOSPC: no space left on device, write
[WARN] Deprecated API usage detected
Setting up test environment...",infra
"java.lang.AssertionError: expected true but was false
  at TestFoo.testBar(TestFoo.java:56)
Setting up test environment...
Setting up test environment...",test
"AssertionError: 404 != 200
Downloading dependencies...
Executing Gradle task...
Uploading artifacts to registry...
[INFO] Starting Spring Boot application...",test
"Uploading artifacts to registry...
Connecting to external service...
[DEBUG] Loading configuration...
Setting up test environment...
java.lang.OutOfMemoryError: Java heap space
  at java.util.Arrays.copyOf(Arrays.java:3210)",infra
"Setting up test environment...
Error: ENOSPC: no space left on device, write
Running CI pipeline step 16...
[INFO] Starting Spring Boot application...",infra
"[DEBUG] Loading configuration...
org.awaitility.core.ConditionTimeoutException: Condition not met within 5 seconds
Setting up test environment...
Connecting to external service...
[INFO] Building project...",test
"Downloading dependencies...
[INFO] Starting Spring Boot application...
Downloading dependencies...
error: exit status 2",unknown
"Executing Gradle task...
Connecting to external service...
org.awaitility.core.ConditionTimeoutException: Condition not met within 5 seconds
Setting up test environment...
[INFO] Building project...",test
"[WARN] Deprecated API usage detected
[DEBUG] Loading configuration...
Failed to load ApplicationContext for test class com.example.IntegrationTest
[DEBUG] Loading configuration...
[INFO] Starting Spring Boot application...",test
"[WARN] Deprecated API usage detected
FAILED: com.example.api.UserControllerTest - 2 tests FAILED
[INFO] Building project...",test
